town,date,accumulated_tested,accumulated_cases,lag7_accumulated_tested,lag7_accumulated_cases,town_code,n_2019,P,N,lag7_N,G,score
בני ברק,2020-04-04,3869,1306,526,197,6100,204639,0.3317379599162429,54.19299351541006,8.79597730637855,6.1611111111111105,9.670533147065843
בני ברק,2020-04-05,4547,1448,660,253,6100,204639,0.30743503987651144,58.39551600623537,11.239304335928146,5.195652173913043,9.401312797040639
בני ברק,2020-04-06,5133,1610,1031,407,6100,204639,0.2932715748415407,58.7864483309633,18.56928542457694,3.1657894736842103,8.415375231143999
בני ברק,2020-04-07,5530,1711,1707,657,6100,204639,0.27569971226785245,51.5053337829055,30.297255166415006,1.6999999999999997,7.037404337064762
בני ברק,2020-04-08,5996,1800,2412,891,6100,204639,0.25362723214285715,44.41968539721167,41.585426042934145,1.0681551116333723,5.957252071209177
בני ברק,2020-04-09,6326,1871,3028,1089,6100,204639,0.23711340206185566,38.2136347421557,49.1108732939469,0.7781094527363184,5.171055397712945
בני ברק,2020-04-10,6526,1913,3563,1243,6100,204639,0.2261221734728316,32.7405821959646,55.56125665195784,0.5892700087950747,4.4591390631437
בני ברק,2020-04-11,6744,1951,3869,1306,6100,204639,0.22434782608695653,31.518918681189803,54.19299351541006,0.5816050495942291,4.394704095753085
בני ברק,2020-04-12,7155,2045,4547,1448,6100,204639,0.2289110429447853,29.173324732822188,58.39551600623537,0.499581589958159,4.013899933620315
בני ברק,2020-04-13,7504,2125,5133,1610,6100,204639,0.21720792914382117,25.16626840436085,58.7864483309633,0.42809642560266004,3.5558419029904607
בני ברק,2020-04-14,7852,2184,5530,1711,6100,204639,0.2037037037037037,23.113873699539187,51.5053337829055,0.4487666034155598,3.5633913120417793
בני ברק,2020-04-15,8089,2241,5996,1800,6100,204639,0.21070234113712374,21.55014440062745,44.41968539721167,0.48514851485148525,3.6501198724333537
בני ברק,2020-04-16,8347,2292,6326,1871,6100,204639,0.2083127164769916,20.57281358880761,38.2136347421557,0.5383631713554987,3.811565751321779
בני ברק,2020-04-17,8857,2372,6526,1913,6100,204639,0.1969111969111969,22.429742131265304,32.7405821959646,0.6850746268656718,4.3785467468311445
בני ברק,2020-04-18,9341,2436,6744,1951,6100,204639,0.18675394686176358,23.700272186631093,31.518918681189803,0.751937984496124,4.618627924384257
בני ברק,2020-04-19,9675,2471,7155,2045,6100,204639,0.16904761904761906,20.81714629176257,29.173324732822188,0.71356783919598,4.381952406209492
בני ברק,2020-04-20,10294,2550,7504,2125,6100,204639,0.15232974910394265,20.768279751171573,25.16626840436085,0.8252427184466019,4.668312565889403
בני ברק,2020-04-21,10742,2597,7852,2184,6100,204639,0.14290657439446366,20.18188126407967,23.113873699539187,0.87315010570824525,4.751352965504173
בני ברק,2020-04-22,11211,2632,8089,2241,6100,204639,0.12524023062139655,19.10681737107785,21.55014440062745,0.8866213151927437,4.725025599695711
בני ברק,2020-04-23,11672,2677,8347,2292,6100,204639,0.11578947368421053,18.8136181275319,20.57281358880761,0.9144893111638955,4.770275661514749
בני ברק,2020-04-24,12221,2714,8857,2372,6100,204639,0.10166468489892984,16.712356882119245,22.429742131265304,0.7450980392156863,4.240377518484723
בני ברק,2020-04-25,12491,2754,9341,2436,6100,204639,0.10095238095238095,15.539559907935436,23.700272186631093,0.6556701030927834,3.911813055890244
בני ברק,2020-04-26,12709,2764,9675,2471,6100,204639,0.0965721819380356,14.31789639316064,20.81714629176257,0.6877934272300469,3.925048299060348
בני ברק,2020-04-27,13012,2780,10294,2550,6100,204639,0.08462104488594555,11.239304335928146,20.768279751171573,0.5411764705882354,3.2019748613371286
בני ברק,2020-04-28,13583,2811,10742,2597,6100,204639,0.0753255895811334,10.457439686472275,20.18188126407967,0.5181598062953996,3.0417861996467632
בני ברק,2020-04-29,13800,2816,11211,2632,6100,204639,0.07106991116261105,8.991443468742517,19.10681737107785,0.47058823529411764,2.6976135335571843
בני ברק,2020-04-30,14010,2829,11672,2677,6100,204639,0.06501283147989735,7.427714169830775,18.8136181275319,0.39480519480519477,2.1546191397038803
בני ברק,2020-05-01,14323,2844,12221,2714,6100,204639,0.06184586108468126,6.352650276828952,16.712356882119245,0.38011695906432746,1.9220502516827545
בני ברק,2020-05-02,14452,2848,12491,2754,6100,204639,0.0479347271800102,4.593454815553242,15.539559907935436,0.29559748427672955,1.0931110639527917
בני ברק,2020-05-03,14607,2852,12709,2764,6100,204639,0.04636459430979979,4.300255572007291,14.31789639316064,0.3003412969283277,1.0587984414948428
בני ברק,2020-05-04,14903,2857,13012,2780,6100,204639,0.040719196192490745,3.7627236255063794,11.239304335928146,0.3347826086956522,1.1416851890443547
בני ברק,2020-05-05,15159,2862,13583,2811,6100,204639,0.03236040609137056,2.492193570140589,10.457439686472275,0.2383177570093458,0.048907560696328026
בני ברק,2020-05-06,15425,2869,13800,2816,6100,204639,0.032615384615384616,2.589926651322573,8.991443468742517,0.28804347826086957,0.46641879032095
בני ברק,2020-05-07,15754,2884,14010,2829,6100,204639,0.03153669724770642,2.6876597325045566,7.427714169830775,0.36184210526315785,0.9595182429664556
בני ברק,2020-05-08,15959,2885,14323,2844,6100,204639,0.02506112469437653,2.0035281642306697,6.352650276828952,0.31538461538461543,0.3901175815941884
בני ברק,2020-05-09,16066,2886,14452,2848,6100,204639,0.023543990086741014,1.8569285424576938,4.593454815553242,0.4042553191489362,0.8104495552056249
בני ברק,2020-05-10,16214,2888,14607,2852,6100,204639,0.0224019912881145,1.7591954612757101,4.300255572007291,0.4090909090909091,0.7800210771285642
בני ברק,2020-05-11,16479,2895,14903,2857,6100,204639,0.024111675126903553,1.8569285424576938,3.7627236255063794,0.4935064935064935,1.209499236668285
בני ברק,2020-05-12,16617,2898,15159,2862,6100,204639,0.024691358024691357,1.7591954612757101,2.492193570140589,0.7058823529411766,1.8713296114783982
בני ברק,2020-05-13,16780,2899,15425,2869,6100,204639,0.02214022140221402,1.4659962177297583,2.589926651322573,0.5660377358490566,1.2471134873631318
בני ברק,2020-05-14,16915,2903,15754,2884,6100,204639,0.01636520241171404,0.9284642712288469,2.6876597325045566,0.34545454545454546,0
בני ברק,2020-05-15,16996,2903,15959,2885,6100,204639,0.017357762777242044,0.8795977306378551,2.0035281642306697,0.4390243902439025,0.22747850243266657
בני ברק,2020-05-16,17055,2904,16066,2886,6100,204639,0.01820020222446916,0.8795977306378551,1.8569285424576938,0.4736842105263159,0.3795556213194143
בני ברק,2020-05-17,17188,2904,16214,2888,6100,204639,0.01642710472279261,0.7818646494558711,1.7591954612757101,0.4444444444444444,0.13411931970310523
בני ברק,2020-05-18,17359,2906,16479,2895,6100,204639,0.0125,0.5375319465009114,1.8569285424576938,0.2894736842105263,0
בני ברק,2020-05-19,17478,2906,16617,2898,6100,204639,0.009291521486643438,0.39093232472793554,1.7591954612757101,0.2222222222222222,0
בני ברק,2020-05-20,17646,2907,16780,2899,6100,204639,0.009237875288683603,0.39093232472793554,1.4659962177297583,0.26666666666666666,0
בני ברק,2020-05-21,17757,2907,16915,2903,6100,204639,0.004750593824228029,0.19546616236396777,0.9284642712288469,0.2105263157894737,0
בני ברק,2020-05-22,17822,2909,16996,2903,6100,204639,0.007263922518159807,0.2931992435459516,0.8795977306378551,0.33333333333333326,0
בני ברק,2020-05-23,17846,2909,17055,2904,6100,204639,0.006321112515802781,0.2443327029549597,0.8795977306378551,0.27777777777777773,0
בני ברק,2020-05-24,17933,2909,17188,2904,6100,204639,0.006711409395973154,0.2443327029549597,0.7818646494558711,0.3125,0
בני ברק,2020-05-25,18062,2909,17359,2906,6100,204639,0.004267425320056899,0.1465996217729758,0.5375319465009114,0.27272727272727265,0
בני ברק,2020-05-26,18211,2911,17478,2906,6100,204639,0.0068212824010914054,0.2443327029549597,0.39093232472793554,0.625,0
בני ברק,2020-05-27,18351,2913,17646,2907,6100,204639,0.00851063829787234,0.2931992435459516,0.39093232472793554,0.7499999999999999,0.1987967959173593
בני ברק,2020-05-28,18426,2916,17757,2907,6100,204639,0.013452914798206279,0.43979886531892753,0.19546616236396777,2.2500000000000004,2.802104265924286
בני ברק,2020-05-29,18447,2917,17822,2909,6100,204639,0.0128,0.39093232472793554,0.2931992435459516,1.3333333333333335,1.6377433283890306
בני ברק,2020-05-30,18454,2918,17846,2909,6100,204639,0.014802631578947368,0.43979886531892753,0.2443327029549597,1.8000000000000003,2.3559858778934593
בני ברק,2020-05-31,18535,2918,17933,2909,6100,204639,0.014950166112956811,0.43979886531892753,0.2443327029549597,1.8000000000000003,2.3560043197102103
בני ברק,2020-06-01,18724,2924,18062,2909,6100,204639,0.022658610271903322,0.7329981088648791,0.1465996217729758,5.000000000000001,4.911095994060032
בני ברק,2020-06-02,18950,2930,18211,2911,6100,204639,0.02571041948579161,0.9284642712288469,0.2443327029549597,3.8,4.598992556872477
בני ברק,2020-06-03,19140,2936,18351,2913,6100,204639,0.029150823827629912,1.1239304335928146,0.2931992435459516,3.833333333333334,4.807945204115426
בני ברק,2020-06-04,19413,2941,18426,2916,6100,204639,0.025329280648429583,1.2216635147747985,0.43979886531892753,2.7777777777777772,4.246682121818849
בני ברק,2020-06-05,19802,2949,18447,2917,6100,204639,0.023616236162361623,1.5637292989117422,0.39093232472793554,4,5.222614296365435
בני ברק,2020-06-06,20069,2951,18454,2918,6100,204639,0.02043343653250774,1.6125958395027342,0.43979886531892753,3.6666666666666665,5.078965351099198
בני ברק,2020-06-07,20401,2958,18535,2918,6100,204639,0.021436227224008574,1.9546616236396777,0.43979886531892753,4.444444444444444,5.656206377878004
בני ברק,2020-06-08,20692,2971,18724,2924,6100,204639,0.023882113821138213,2.296727407776621,0.7329981088648791,3.133333333333333,5.11866530895903
בני ברק,2020-06-09,21217,2984,18950,2930,6100,204639,0.023820026466696075,2.6387931919135648,0.9284642712288469,2.8421052631578947,5.0623893264739115
בני ברק,2020-06-10,21818,3002,19140,2936,6100,204639,0.024645257654966394,3.2251916790054684,1.1239304335928146,2.8695652173913047,5.282394093233481
בני ברק,2020-06-11,22287,3021,19413,2941,6100,204639,0.027835768963117607,3.9093232472793553,1.2216635147747985,3.2,5.693145367211265
בני ברק,2020-06-12,22937,3035,19802,2949,6100,204639,0.027432216905901117,4.202522490825308,1.5637292989117422,2.6875000000000004,5.416336752079941
בני ברק,2020-06-13,23118,3041,20069,2951,6100,204639,0.029517874713020663,4.397988653189275,1.6125958395027342,2.727272727272727,5.491441264202595
בני ברק,2020-06-14,23317,3048,20401,2958,6100,204639,0.030864197530864196,4.397988653189275,1.9546616236396777,2.25,5.1068657692599135
בני ברק,2020-06-15,23699,3066,20692,2971,6100,204639,0.03159294978383771,4.642321356144235,2.296727407776621,2.021276595744681,4.946622231910117
בני ברק,2020-06-16,24089,3084,21217,2984,6100,204639,0.034818941504178275,4.886654059099194,2.6387931919135648,1.8518518518518519,4.82323247432938
בני ברק,2020-06-17,24516,3107,21818,3002,6100,204639,0.038917716827279465,5.130986762054154,3.2251916790054684,1.5909090909090908,4.568773922828761
בני ברק,2020-06-18,24918,3134,22287,3021,6100,204639,0.04294944887875333,5.521919086782089,3.9093232472793553,1.4124999999999999,4.404816509704735
בני ברק,2020-06-19,25366,3166,22937,3035,6100,204639,0.05393165911897901,6.401516817419944,4.202522490825308,1.5232558139534882,4.704976476291944
בני ברק,2020-06-20,25538,3184,23118,3041,6100,204639,0.05909090909090909,6.987915304511848,4.397988653189275,1.5888888888888888,4.877638555561188
בני ברק,2020-06-21,25626,3190,23317,3048,6100,204639,0.061498484192291036,6.939048763920856,4.397988653189275,1.5777777777777777,4.856886784472921
בני ברק,2020-06-22,25968,3222,23699,3066,6100,204639,0.06875275451740855,7.6231803321947424,4.642321356144235,1.6421052631578945,5.031745974667838
בני ברק,2020-06-23,26414,3258,24089,3084,6100,204639,0.07483870967741936,8.502778062832597,4.886654059099194,1.74,5.257518006182714
בני ברק,2020-06-24,26930,3296,24516,3107,6100,204639,0.07829328914664457,9.235776171697477,5.130986762054154,1.8,5.408444647812844
בני ברק,2020-06-25,27427,3346,24918,3134,6100,204639,0.08449581506576326,10.359706605290292,5.521919086782089,1.8761061946902657,5.606882805280209
בני ברק,2020-06-26,27916,3388,25366,3166,6100,204639,0.08705882352941176,10.848372011200212,6.401516817419944,1.6946564885496185,5.4498574939613444
בני ברק,2020-06-27,28102,3413,25538,3184,6100,204639,0.08931357254290172,11.190437795337155,6.987915304511848,1.6013986013986015,5.3679785885164
בני ברק,2020-06-28,28348,3445,25626,3190,6100,204639,0.09368111682586333,12.460967850702945,6.939048763920856,1.7957746478873238,5.705184301681622
בני ברק,2020-06-29,28832,3517,25968,3222,6100,204639,0.10300279329608938,14.415629474342623,7.6231803321947424,1.8910256410256412,5.95542704548803
בני ברק,2020-06-30,29287,3570,26414,3258,6100,204639,0.1085972850678733,15.246360664389485,8.502778062832597,1.793103448275862,5.905811267438506
בני ברק,2020-07-01,29698,3628,26930,3296,6100,204639,0.1199421965317919,16.223691476209325,9.235776171697477,1.7566137566137565,5.928241293002287
בני ברק,2020-07-02,30400,3738,27427,3346,6100,204639,0.13185334678775648,19.15568391166884,10.359706605290292,1.849056603773585,6.198432280181465
בני ברק,2020-07-03,30970,3805,27916,3388,6100,204639,0.13654223968565815,20.377347426443638,10.848372011200212,1.878378378378378,6.292309323418185
בני ברק,2020-07-04,31443,3867,28102,3413,6100,204639,0.13588745884465728,22.185409428310344,11.190437795337155,1.982532751091703,6.48517116117678
בני ברק,2020-07-05,31765,3901,28348,3445,6100,204639,0.1334503950834065,22.283142509492325,12.460967850702945,1.7882352941176471,6.2829702794173645
בני ברק,2020-07-06,32258,3997,28832,3517,6100,204639,0.14010507880910683,23.455939483676133,14.415629474342623,1.6271186440677967,6.146258375682941
בני ברק,2020-07-07,32913,4109,29287,3570,6100,204639,0.14864864864864866,26.339065378544653,15.246360664389485,1.7275641025641024,6.383059059994739
בני ברק,2020-07-08,33465,4176,29698,3628,6100,204639,0.1454738518715158,26.778864243863584,16.223691476209325,1.650602409638554,6.308077796300641
בני ברק,2020-07-09,33923,4256,30400,3738,6100,204639,0.147033778030088,25.312868026133827,19.15568391166884,1.3214285714285714,5.807118911256917
בני ברק,2020-07-10,34448,4349,30970,3805,6100,204639,0.156411730879816,26.583398081499613,20.377347426443638,1.304556354916067,5.831564405135834
בני ברק,2020-07-11,35000,4456,31443,3867,6100,204639,0.16558897947708742,28.782392408094253,22.185409428310344,1.2973568281938324,5.901120419112332
בני ברק,2020-07-12,35323,4530,31765,3901,6100,204639,0.17678471051152334,30.73705403173393,22.283142509492325,1.3793859649122806,6.090843881692122
בני ברק,2020-07-13,35873,4681,32258,3997,6100,204639,0.1892116182572614,33.42471376423849,23.455939483676133,1.425,6.241290639151568
בני ברק,2020-07-14,36462,4819,32913,4109,6100,204639,0.20005635390250776,34.69524381960428,26.339065378544653,1.3172541743970316,6.122708454331535
בני ברק,2020-07-15,37014,4939,33465,4176,6100,204639,0.21499013806706113,37.28517047092685,26.778864243863584,1.3923357664233575,6.307434929021355
בני ברק,2020-07-16,37644,5110,33923,4256,6100,204639,0.22950819672131148,41.732025664707116,25.312868026133827,1.6486486486486485,6.75986926324254
בני ברק,2020-07-17,38062,5246,34448,4349,6100,204639,0.24820143884892087,43.833286910119774,26.583398081499613,1.6488970588235297,6.811631914126251
בני ברק,2020-07-18,38456,5372,35000,4456,6100,204639,0.2650462962962963,44.76175118134862,28.782392408094253,1.5551782682512734,6.717665155561887
בני ברק,2020-07-19,38692,5437,35323,4530,6100,204639,0.26921935292371624,44.321952316029694,30.73705403173393,1.441971383147854,6.557154897865626
בני ברק,2020-07-20,39495,5675,35873,4681,6100,204639,0.274434014356709,48.57334134744599,33.42471376423849,1.4532163742690059,6.664937678324842
בני ברק,2020-07-21,39948,5800,36462,4819,6100,204639,0.28141135972461273,47.9380763197631,34.69524381960428,1.3816901408450706,6.551701500396577
בני ברק,2020-07-22,40544,6024,37014,4939,6100,204639,0.3073654390934844,53.020196541226255,37.28517047092685,1.4220183486238531,6.7132480570470845
בני ברק,2020-07-23,41157,6211,37644,5110,6100,204639,0.3134073441502989,53.80206119068213,41.732025664707116,1.2892271662763468,6.532573582415321
בני ברק,2020-07-24,41670,6392,38062,5246,6100,204639,0.31762749445676275,56.00105551727677,43.833286910119774,1.2775919732441472,6.55502804631919
בני ברק,2020-07-25,41979,6494,38456,5372,6100,204639,0.3184785694010786,54.828258543092964,44.76175118134862,1.2248908296943233,6.449718991880432
בני ברק,2020-07-26,42184,6564,38692,5437,6100,204639,0.322737686139748,55.07259124604792,44.321952316029694,1.2425578831312016,6.483338494462156
בני ברק,2020-07-27,42741,6742,39495,5675,6100,204639,0.32871226124460873,52.14059881058841,48.57334134744599,1.0734406438631792,6.136771015053321
בני ברק,2020-07-28,43339,6977,39948,5800,6100,204639,0.3470952521380124,57.51591827559752,47.9380763197631,1.199796126401631,6.459751950972988
בני ברק,2020-07-29,43899,7156,40544,6024,6100,204639,0.33740685543964233,55.316923949002884,53.020196541226255,1.0433179723502306,6.140066743075852
בני ברק,2020-07-30,44249,7262,41157,6211,6100,204639,0.33990944372574383,51.35873416113253,53.80206119068213,0.9545867393278837,5.8883701614568444
בני ברק,2020-07-31,44513,7345,41670,6392,6100,204639,0.33520928596552935,46.569813183215324,56.00105551727677,0.8315881326352531,5.514017718964562
בני ברק,2020-08-01,44675,7399,41979,6494,6100,204639,0.3356824925816024,44.22421923484771,54.828258543092964,0.8065953654188948,5.401366612312828
בני ברק,2020-08-02,44892,7467,42184,6564,6100,204639,0.33345642540620385,44.12648615366573,55.07259124604792,0.8012422360248448,5.385558327152812
בני ברק,2020-08-03,45454,7657,42741,6742,6100,204639,0.3372650202727608,44.71288464075762,52.14059881058841,0.8575445173383316,5.535055462562784
בני ברק,2020-08-04,45835,7815,43339,6977,6100,204639,0.33573717948717946,40.95016101525125,57.51591827559752,0.7119796091758708,5.074910876167226
בני ברק,2020-08-05,46263,7955,43899,7156,6100,204639,0.3379864636209814,39.04436593220256,55.316923949002884,0.7058303886925794,5.010186269530822
בני ברק,2020-08-06,46544,8051,44249,7262,6100,204639,0.3437908496732026,38.55570052629264,51.35873416113253,0.7507136060894386,5.121615718798504
בני ברק,2020-08-07,46889,8192,44513,7345,6100,204639,0.35648148148148145,41.389959880570174,46.569813183215324,0.8887722980062959,5.531770103638577
בני ברק,2020-08-08,46964,8214,44675,7399,6100,204639,0.3560506771515946,39.82623058165843,44.22421923484771,0.9005524861878452,5.519538428772317
בני ברק,2020-08-09,47139,8282,44892,7467,6100,204639,0.3627058299955496,39.82623058165843,44.12648615366573,0.9025470653377627,5.524795103443693
בני ברק,2020-08-10,47528,8432,45454,7657,6100,204639,0.37367405978784957,37.871568958018756,44.71288464075762,0.8469945355191258,5.348787856788113
בני ברק,2020-08-11,47865,8543,45835,7815,6100,204639,0.3586206896551724,35.574841550242134,40.95016101525125,0.8687350835322196,5.335032171638422
בני ברק,2020-08-12,48094,8632,46263,7955,6100,204639,0.3697433096668487,33.08264798010155,39.04436593220256,0.8473091364205257,5.213847482718265
בני ברק,2020-08-13,48425,8763,46544,8051,6100,204639,0.37852206273258904,34.792976900786265,38.55570052629264,0.9024081115335869,5.391353992191385
בני ברק,2020-08-14,48670,8842,46889,8192,6100,204639,0.36496350364963503,31.763251384144763,41.389959880570174,0.7674144037780402,4.974473779126777
בני ברק,2020-08-15,48711,8856,46964,8214,6100,204639,0.3674871207784774,31.372319059416828,39.82623058165843,0.7877300613496934,5.014662216491101
בני ברק,2020-08-16,48857,8916,47139,8282,6100,204639,0.3690337601862631,30.98138673468889,39.82623058165843,0.7779141104294479,4.9772374986588686
בני ברק,2020-08-17,49277,9021,47528,8432,6100,204639,0.33676386506575184,28.782392408094253,37.871568958018756,0.76,4.852985617186917
בני ברק,2020-08-18,49543,9103,47865,8543,6100,204639,0.33373063170441003,27.365262730955486,35.574841550242134,0.7692307692307692,4.826262225562896
בני ברק,2020-08-19,49925,9211,48094,8632,6100,204639,0.3162206444565811,28.293727002184333,33.08264798010155,0.8552437223042835,5.069430109257141
בני ברק,2020-08-20,50368,9286,48425,8763,6100,204639,0.2691713844570252,25.557200729088787,34.792976900786265,0.7345505617977528,4.657572634233578
בני ברק,2020-08-21,50698,9346,48670,8842,6100,204639,0.2485207100591716,24.628736457859937,31.763251384144763,0.7753846153846153,4.726186808997769
בני ברק,2020-08-22,50940,9352,48711,8856,6100,204639,0.22252131000448633,24.237804133132006,31.372319059416828,0.77258566978193155,4.699703978351054
בני ברק,2020-08-23,51067,9392,48857,8916,6100,204639,0.2153846153846154,23.260473321312165,30.98138673468889,0.7507886435331231,4.600416372548518
בני ברק,2020-08-24,51584,9494,49277,9021,6100,204639,0.20502817511920243,23.113873699539187,28.782392408094253,0.8030560271646859,4.727399961868159
בני ברק,2020-08-25,52145,9609,49543,9103,6100,204639,0.19446579554189086,24.726469539041926,27.365262730955486,0.9035714285714287,5.0293823066523755
בני ברק,2020-08-26,52464,9687,49925,9211,6100,204639,0.18747538400945254,23.260473321312165,28.293727002184333,0.8221070811744388,4.778420672355083
בני ברק,2020-08-27,52789,9802,50368,9286,6100,204639,0.21313506815365552,25.215134944951842,25.557200729088787,0.9866156787762905,5.227136893639682
בני ברק,2020-08-28,53085,9895,50698,9346,6100,204639,0.22999581064097194,26.827730784454573,24.628736457859937,1.0892857142857142,5.489229906521608
בני ברק,2020-08-29,53140,9908,50940,9352,6100,204639,0.25272727272727274,27.169796568591522,24.237804133132006,1.1209677419354838,5.562081580198433
בני ברק,2020-08-30,53353,9974,51067,9392,6100,204639,0.2545931758530184,28.440326623957308,23.260473321312165,1.222689075630252,5.781737423518733
חיפה,2020-04-14,1124,50,852,40,4000,285316,0.03676470588235294,0.35048858108202835,0.7710748783804624,0.45454545454545453,0
חיפה,2020-04-15,1181,50,880,41,4000,285316,0.029900332225913623,0.31543972297382555,0.7710748783804624,0.4090909090909091,0
חיפה,2020-04-16,1251,51,913,41,4000,285316,0.029585798816568046,0.35048858108202835,0.7360260202722595,0.4761904761904762,0
חיפה,2020-04-17,1309,51,971,42,4000,285316,0.026627218934911243,0.31543972297382555,0.7710748783804624,0.4090909090909091,0
חיפה,2020-04-18,1518,51,1010,45,4000,285316,0.011811023622047244,0.210293148649217,0.31543972297382555,0.6666666666666665,0
חיפה,2020-04-19,1764,53,1051,45,4000,285316,0.011220196353436185,0.28039086486562265,0.210293148649217,1.3333333333333333,1.305195966156756
חיפה,2020-04-20,1973,56,1105,46,4000,285316,0.01152073732718894,0.35048858108202835,0.210293148649217,1.6666666666666667,1.9746641877211044
חיפה,2020-04-21,2087,57,1124,50,4000,285316,0.007268951194184839,0.24534200675741982,0.35048858108202835,0.7,0
חיפה,2020-04-22,2189,57,1181,50,4000,285316,0.006944444444444444,0.24534200675741982,0.31543972297382555,0.7777777777777776,0.09313710307823483
חיפה,2020-04-23,2361,57,1251,51,4000,285316,0.005405405405405406,0.210293148649217,0.35048858108202835,0.6,0
חיפה,2020-04-24,2416,57,1309,51,4000,285316,0.005420054200542005,0.210293148649217,0.31543972297382555,0.6666666666666665,0
חיפה,2020-04-25,2454,57,1518,51,4000,285316,0.00641025641025641,0.210293148649217,0.210293148649217,1,0.4415485063085157
חיפה,2020-04-26,2537,57,1764,53,4000,285316,0.00517464424320828,0.14019543243281132,0.28039086486562265,0.5,0
חיפה,2020-04-27,2735,57,1973,56,4000,285316,0.0013123359580052493,0.03504885810820283,0.35048858108202835,0.09999999999999999,0
חיפה,2020-04-28,3031,58,2087,57,4000,285316,0.001059322033898305,0.03504885810820283,0.24534200675741982,0.14285714285714285,0
חיפה,2020-04-29,3133,58,2189,57,4000,285316,0.001059322033898305,0.03504885810820283,0.24534200675741982,0.14285714285714285,0
חיפה,2020-04-30,3154,58,2361,57,4000,285316,0.0012610340479192938,0.03504885810820283,0.210293148649217,0.16666666666666666,0
חיפה,2020-05-01,3189,60,2416,57,4000,285316,0.0038809831824062097,0.1051465743246085,0.210293148649217,0.5,0
חיפה,2020-05-02,3193,60,2454,57,4000,285316,0.0040595399188092015,0.1051465743246085,0.210293148649217,0.5,0
חיפה,2020-05-03,3326,60,2537,57,4000,285316,0.0038022813688212928,0.1051465743246085,0.14019543243281132,0.75,0
חיפה,2020-05-04,3331,60,2735,57,4000,285316,0.0050335570469798654,0.1051465743246085,0.03504885810820283,3,1.9454538156643804
חיפה,2020-05-05,3345,60,3031,58,4000,285316,0.006369426751592357,0.07009771621640566,0.03504885810820283,2,0.7292254750529635
חיפה,2020-05-06,3364,60,3133,58,4000,285316,0.008658008658008658,0.07009771621640566,0.03504885810820283,2,0.7295115477912656
חיפה,2020-05-07,3398,60,3154,58,4000,285316,0.00819672131147541,0.07009771621640566,0.03504885810820283,2,0.7294538868729489
חיפה,2020-06-17,4834,82,4395,62,4000,285316,0.04555808656036447,0.7009771621640567,0.07009771621640566,10.000000000000002,6.255584975391307
חיפה,2020-06-18,4918,82,4437,64,4000,285316,0.037422037422037424,0.6308794459476511,0.14019543243281132,4.500000000000001,4.552192061155647
חיפה,2020-06-19,5056,84,4468,65,4000,285316,0.03231292517006803,0.6659283040558539,0.17524429054101417,3.8000000000000003,4.267467983306558
חיפה,2020-06-20,5160,87,4490,71,4000,285316,0.023880597014925373,0.5607817297312453,0.3855374391902312,1.4545454545454544,2.173948450778647
חיפה,2020-06-21,5348,90,4548,76,4000,285316,0.0175,0.49068401351483965,0.5607817297312453,0.875,1.023169799395392
חיפה,2020-06-22,5564,91,4630,78,4000,285316,0.013918629550321198,0.45563515540663685,0.6308794459476511,0.7222222222222221,0.5648321403152496
חיפה,2020-06-23,5842,94,4725,82,4000,285316,0.010743061772605193,0.420586297298434,0.7710748783804624,0.5454545454545454,0
חיפה,2020-06-24,6065,96,4834,82,4000,285316,0.011372867587327376,0.49068401351483965,0.7009771621640567,0.7,0.5761168052153883
חיפה,2020-06-25,6117,97,4918,82,4000,285316,0.012510425354462052,0.5257328716230425,0.6308794459476511,0.8333333333333331,0.9939586457127867
חיפה,2020-06-26,6138,97,5056,84,4000,285316,0.012014787430683918,0.45563515540663685,0.6659283040558539,0.6842105263157894,0.45645971750974323
חיפה,2020-06-27,6153,98,5160,87,4000,285316,0.011077542799597181,0.3855374391902312,0.5607817297312453,0.6875000000000001,0.29888082179467784
חיפה,2020-06-28,6162,98,5348,90,4000,285316,0.009828009828009828,0.28039086486562265,0.49068401351483965,0.5714285714285714,0
חיפה,2020-06-29,6201,100,5564,91,4000,285316,0.0141287284144427,0.31543972297382555,0.45563515540663685,0.6923076923076924,0.11252886316656904
חיפה,2020-06-30,6238,100,5842,94,4000,285316,0.015151515151515152,0.210293148649217,0.420586297298434,0.5,0
חיפה,2020-07-01,6254,101,6065,96,4000,285316,0.026455026455026454,0.17524429054101417,0.49068401351483965,0.35714285714285715,0
חיפה,2020-07-02,6284,102,6117,97,4000,285316,0.029940119760479042,0.17524429054101417,0.5257328716230425,0.33333333333333337,0
חיפה,2020-07-03,6299,102,6138,97,4000,285316,0.031055900621118012,0.17524429054101417,0.45563515540663685,0.38461538461538464,0
חיפה,2020-07-04,6319,104,6153,98,4000,285316,0.03614457831325301,0.210293148649217,0.3855374391902312,0.5454545454545454,0
חיפה,2020-07-05,6334,104,6162,98,4000,285316,0.03488372093023256,0.210293148649217,0.28039086486562265,0.75,0
חיפה,2020-07-06,6561,122,6201,100,4000,285316,0.06111111111111111,0.7710748783804624,0.31543972297382555,2.444444444444444,3.535304849320576
חיפה,2020-07-07,6602,129,6238,100,4000,285316,0.07967032967032966,1.016416885137882,0.210293148649217,4.833333333333333,5.177315097741281
חיפה,2020-07-08,6652,141,6254,101,4000,285316,0.10050251256281408,1.4019543243281134,0.17524429054101417,8,6.509313106573138
חיפה,2020-07-09,6688,146,6284,102,4000,285316,0.10891089108910891,1.5421497567609248,0.17524429054101417,8.8,6.796294693301901
חיפה,2020-07-10,6760,157,6299,102,4000,285316,0.1193058568329718,1.927687195951156,0.17524429054101417,11,7.467024717962512
חיפה,2020-07-11,6788,167,6319,104,4000,285316,0.13432835820895522,2.2080780608167787,0.210293148649217,10.500000000000002,7.511664040523787
חיפה,2020-07-12,7074,186,6334,104,4000,285316,0.11081081081081082,2.874006364872632,0.210293148649217,13.666666666666666,8.299477909717178
חיפה,2020-07-13,7554,220,6561,122,4000,285316,0.0986908358509567,3.4347880946038782,0.7710748783804624,4.454545454545455,6.2341416388056325
חיפה,2020-07-14,7616,234,6602,129,4000,285316,0.10355029585798817,3.6801301013612977,1.016416885137882,3.620689655172414,5.88922093251105
חיפה,2020-07-15,8125,270,6652,141,4000,285316,0.08757637474541752,4.521302695958165,1.4019543243281134,3.2249999999999996,5.861613106729499
חיפה,2020-07-16,8506,306,6688,146,4000,285316,0.08800880088008801,5.607817297312454,1.5421497567609248,3.6363636363636362,6.317131033004149
חיפה,2020-07-17,9269,355,6760,157,4000,285316,0.07891590275009965,6.9396739054241605,1.927687195951156,3.5999999999999996,6.508986964491604
חיפה,2020-07-18,9705,389,6788,167,4000,285316,0.07610558793280768,7.7808465000210285,2.2080780608167787,3.5238095238095233,6.5802636463545525
חיפה,2020-07-19,10074,416,7074,186,4000,285316,0.07666666666666666,8.06123736488665,2.874006364872632,2.8048780487804876,6.159370520603592
חיפה,2020-07-20,10533,466,7554,220,4000,285316,0.08257804632426989,8.622019094617897,3.4347880946038782,2.510204081632653,6.005369661275657
חיפה,2020-07-21,10693,515,7616,234,4000,285316,0.09132271693207669,9.848729128404997,3.6801301013612977,2.6761904761904765,6.267546402331879
חיפה,2020-07-22,10774,532,8125,270,4000,285316,0.09890524726311815,9.182800824349144,4.521302695958165,2.031007751937985,5.646759613497016
חיפה,2020-07-23,10904,561,8506,306,4000,285316,0.10633861551292743,8.937458817591724,5.607817297312454,1.5937500000000002,5.135723086975919
חיפה,2020-07-24,10985,570,9269,355,4000,285316,0.1252913752913753,7.535504493263609,6.9396739054241605,1.0858585858585859,4.2000291999345185
חיפה,2020-07-25,11046,589,9705,389,4000,285316,0.14914243102162567,7.009771621640567,7.7808465000210285,0.900900900900901,3.7572278948064337
חיפה,2020-07-26,11083,594,10074,416,4000,285316,0.17641228939544104,6.238696743260105,8.06123736488665,0.7739130434782611,3.340231324233474
חיפה,2020-07-27,11217,638,10533,466,4000,285316,0.25146198830409355,6.028403594610887,8.622019094617897,0.6991869918699186,3.1122408621428237
חיפה,2020-07-28,11336,656,10693,515,4000,285316,0.2192846034214619,4.941888993256599,9.848729128404997,0.5017793594306049,2.2459686629238744
חיפה,2020-07-29,11457,682,10774,532,4000,285316,0.21961932650073207,5.257328716230425,9.182800824349144,0.5725190839694656,2.571657045608344
חיפה,2020-07-30,11900,715,10904,561,4000,285316,0.15461847389558234,5.397524148663237,8.937458817591724,0.6039215686274509,2.6966457811901616
חיפה,2020-07-31,11962,721,10985,570,4000,285316,0.15455475946775846,5.292377574338628,7.535504493263609,0.702325581395349,2.9788705541520963
חיפה,2020-08-01,11976,722,11046,589,4000,285316,0.14301075268817204,4.661498128390977,7.009771621640567,0.6649999999999999,2.741276750684388
חיפה,2020-08-02,12003,724,11083,594,4000,285316,0.14130434782608695,4.556351554066368,6.238696743260105,0.7303370786516853,2.905687049290016
חיפה,2020-08-03,12486,753,11217,638,4000,285316,0.09062253743104808,4.030618682443325,6.028403594610887,0.6686046511627907,2.6001230036709035
חיפה,2020-08-04,12545,760,11336,656,4000,285316,0.08602150537634409,3.645081243253095,4.941888993256599,0.7375886524822696,2.695393359869003
חיפה,2020-08-05,12826,785,11457,682,4000,285316,0.07523739956172389,3.610032385144892,5.257328716230425,0.6866666666666666,2.54130880647079
חיפה,2020-08-06,12905,790,11900,715,4000,285316,0.07462686567164178,2.6286643581152127,5.397524148663237,0.487012987012987,1.536875249019807
חיפה,2020-08-07,12971,795,11962,721,4000,285316,0.07333994053518335,2.59361550000701,5.292377574338628,0.4900662251655629,1.5357908535787372
חיפה,2020-08-08,12991,800,11976,722,4000,285316,0.07684729064039408,2.733810932439821,4.661498128390977,0.5864661654135338,1.9480218899844954
חיפה,2020-08-09,13035,808,12003,724,4000,285316,0.08139534883720931,2.944104081089038,4.556351554066368,0.6461538461538462,2.216543669252606
חיפה,2020-08-10,13120,813,12486,753,4000,285316,0.0946372239747634,2.10293148649217,4.030618682443325,0.5217391304347827,1.4539868379658263
חיפה,2020-08-11,13238,822,12545,760,4000,285316,0.08946608946608947,2.173029202708576,3.645081243253095,0.5961538461538461,1.7527923730649693
חיפה,2020-08-12,13325,836,12826,785,4000,285316,0.10220440881763528,1.7874917635183447,3.610032385144892,0.4951456310679612,1.1877822278450894
חיפה,2020-08-13,13385,852,12905,790,4000,285316,0.12916666666666668,2.173029202708576,2.6286643581152127,0.8266666666666667,2.411560516425166
חיפה,2020-08-14,13441,860,12971,795,4000,285316,0.13829787234042554,2.278175777033184,2.59361550000701,0.8783783783783783,2.5813066123503035
חיפה,2020-08-15,13476,865,12991,800,4000,285316,0.13402061855670103,2.278175777033184,2.733810932439821,0.8333333333333333,2.4754844886564937
חיפה,2020-08-16,13825,885,13035,808,4000,285316,0.09746835443037975,2.6987620743316185,2.944104081089038,0.9166666666666667,2.830953967207401
חיפה,2020-08-17,14619,936,13120,813,4000,285316,0.08205470313542361,4.311009547308949,2.10293148649217,2.0500000000000003,4.907108534594158
חיפה,2020-08-18,14679,943,13238,822,4000,285316,0.08396946564885496,4.240911831092543,2.173029202708576,1.9516129032258063,4.7925868049353255
חיפה,2020-08-19,15266,970,13325,836,4000,285316,0.06903657908294693,4.69654698649918,1.7874917635183447,2.6274509803921564,5.487485461818629
חיפה,2020-08-20,15604,1002,13385,852,4000,285316,0.067598017124831,5.257328716230425,2.173029202708576,2.4193548387096775,5.4350746193683666
חיפה,2020-08-21,15679,1007,13441,860,4000,285316,0.06568364611260054,5.152182141905817,2.278175777033184,2.2615384615384615,5.279721431338189
חיפה,2020-08-22,15718,1015,13476,865,4000,285316,0.06690454950936664,5.257328716230425,2.278175777033184,2.307692307692308,5.3404821662153426
חיפה,2020-08-23,16704,1060,13825,885,4000,285316,0.06078499478985759,6.133550168935496,2.6987620743316185,2.2727272727272725,5.463332957441085
חיפה,2020-08-24,17266,1090,14619,936,4000,285316,0.05817907064601435,5.397524148663237,4.311009547308949,1.2520325203252034,4.142749235355983
חיפה,2020-08-25,18158,1147,14679,943,4000,285316,0.058637539522851397,7.149967054073379,4.240911831092543,1.6859504132231407,5.019096337808702
חיפה,2020-08-26,18688,1184,15266,970,4000,285316,0.06253652834599649,7.500455635155406,4.69654698649918,1.5970149253731343,4.95905326623616
חיפה,2020-08-27,19293,1233,15604,1002,4000,285316,0.06261859582542695,8.096286222994854,5.257328716230425,1.5399999999999998,4.962797622880226
חיפה,2020-08-28,19413,1260,15679,1007,4000,285316,0.06775575790037493,8.867361101375318,5.152182141905817,1.7210884353741498,5.276760517391813
חיפה,2020-08-29,19752,1286,15718,1015,4000,285316,0.06717897868120971,9.498240547322968,5.257328716230425,1.8066666666666666,5.4424710018109215
חיפה,2020-08-30,20158,1317,16704,1060,4000,285316,0.07440648523451071,9.007556533808128,6.133550168935496,1.4685714285714284,4.975944872522123
ירושלים,2020-03-31,2506,311,1213,65,3000,936425,0.1902552204176334,2.627012307445871,0.5339455909442827,4.92,6.176246159234364
ירושלים,2020-04-01,2858,424,1307,70,3000,936425,0.22823984526112184,3.780334783885522,0.5553034145820541,6.8076923076923075,7.1944489426374725
ירושלים,2020-04-02,3544,614,1442,94,3000,936425,0.24738344433872503,5.553034145820541,0.7475238273219958,7.428571428571429,7.755934540911405
ירושלים,2020-04-03,4033,739,1548,101,3000,936425,0.2567404426559356,6.813145740449048,0.7688816509597672,8.86111111111111,8.314290827075617
ירושלים,2020-04-04,4380,850,1727,143,3000,936425,0.26649076517150394,7.549990655952158,1.142643564620765,6.607476635514018,7.831261334153708
ירושלים,2020-04-05,4791,938,1882,163,3000,936425,0.26641457545548297,8.276156659636383,1.2814694182662787,6.458333333333333,7.877423084169249
ירושלים,2020-04-06,5170,1017,2251,250,3000,936425,0.262761219595752,8.190725365085298,2.03967215740716,4.015706806282722,6.916274360199342
ירושלים,2020-04-07,5767,1124,2506,311,3000,936425,0.24931002759889603,8.681955308754038,2.627012307445871,3.304878048780488,6.583209669969932
ירושלים,2020-04-08,6101,1198,2858,424,3000,936425,0.23866790009250693,8.265477747817497,3.780334783885522,2.1864406779661016,5.70647094175456
ירושלים,2020-04-09,6610,1291,3544,614,3000,936425,0.220808871493803,7.2296233013855895,5.553034145820541,1.3019230769230772,4.533472964263968
ירושלים,2020-04-10,7497,1428,4033,739,3000,936425,0.19890300230946883,7.357770243212216,6.813145740449048,1.079937304075235,4.174425781381443
ירושלים,2020-04-11,8160,1573,4380,850,3000,936425,0.19126984126984126,7.720853245054329,7.549990655952158,1.0226308345120227,4.112590724583243
ירושלים,2020-04-12,9254,1742,4791,938,3000,936425,0.18014788259018596,8.585845102384067,8.276156659636383,1.0374193548387096,4.246105893895342
ירושלים,2020-04-13,10110,1854,5170,1017,3000,936425,0.1694331983805668,8.938249192407294,8.190725365085298,1.0912646675358542,4.386193418272849
ירושלים,2020-04-14,10967,1953,5767,1124,3000,936425,0.15942307692307692,8.852817897856209,8.681955308754038,1.0196801968019682,4.2396417906670125
ירושלים,2020-04-15,11646,2029,6101,1198,3000,936425,0.14986474301172228,8.87417572149398,8.265477747817497,1.0736434108527133,4.3439943900047195
ירושלים,2020-04-16,12827,2078,6610,1291,3000,936425,0.12658838668167927,8.404303601463011,7.2296233013855895,1.1624815361890695,4.445681407504234
ירושלים,2020-04-17,13479,2126,7497,1428,3000,936425,0.11668338348378468,7.453880449582187,7.357770243212216,1.0130624092888245,4.049275848936637
ירושלים,2020-04-18,14047,2175,8160,1573,3000,936425,0.10225921521997622,6.428704914969164,7.720853245054329,0.8326417704011064,3.5072519532527946
ירושלים,2020-04-19,14858,2282,9254,1742,3000,936425,0.09635974304068523,5.766612382198254,8.585845102384067,0.6716417910447762,2.9680695079384773
ירושלים,2020-04-20,15904,2368,10110,1854,3000,936425,0.0887124611667242,5.488960674907227,8.938249192407294,0.6140979689366786,2.738626372773749
ירושלים,2020-04-21,17142,2442,10967,1953,3000,936425,0.07919028340080972,5.221987879435086,8.852817897856209,0.5898673100120627,2.6070616033204916
ירושלים,2020-04-22,17997,2510,11646,2029,3000,936425,0.07573610455046449,5.136556584884,8.87417572149398,0.5788206979542718,2.5523248934165585
ירושלים,2020-04-23,18905,2560,12827,2078,3000,936425,0.0793024021059559,5.147235496702886,8.404303601463011,0.6124523506988564,2.667804305321603
ירושלים,2020-04-24,20185,2645,13479,2126,3000,936425,0.0773933790635252,5.542355234001655,7.453880449582187,0.7435530085959885,3.129463276097226
ירושלים,2020-04-25,20821,2692,14047,2175,3000,936425,0.07632122822556835,5.520997410363884,6.428704914969164,0.8588039867109635,3.4136695461772057
ירושלים,2020-04-26,21770,2706,14858,2282,3000,936425,0.061342592592592594,4.527858611207518,5.766612382198254,0.7851851851851852,3.034245570394671
ירושלים,2020-04-27,22355,2733,15904,2368,3000,936425,0.056580375135637885,3.8978028138932643,5.488960674907227,0.7101167315175098,2.6828337364704633
ירושלים,2020-04-28,22950,2790,17142,2442,3000,936425,0.05991735537190083,3.7162613129722084,5.221987879435086,0.7116564417177914,2.6398877895365307
ירושלים,2020-04-29,23575,2819,17997,2510,3000,936425,0.055396199354607385,3.2997837520356676,5.136556584884,0.6424116424116425,2.3157294751424042
ירושלים,2020-04-30,24061,2869,18905,2560,3000,936425,0.059930178432893715,3.2997837520356676,5.147235496702886,0.6410788381742738,2.3121425346375113
ירושלים,2020-05-01,24513,2929,20185,2645,3000,936425,0.06561922365988909,3.032810956563526,5.542355234001655,0.5472061657032755,1.911833010850691
ירושלים,2020-05-02,24716,2950,20821,2692,3000,936425,0.0662387676508344,2.755159249272499,5.520997410363884,0.4990328820116054,1.631588511445712
ירושלים,2020-05-03,24854,2955,21770,2706,3000,936425,0.08073929961089495,2.659049042902528,4.527858611207518,0.5872641509433962,1.9234998511229333
ירושלים,2020-05-04,25073,2959,22355,2733,3000,936425,0.08314937454010302,2.413434071068158,3.8978028138932643,0.6191780821917808,1.9327196222107514
ירושלים,2020-05-05,25374,2965,22950,2790,3000,936425,0.0721947194719472,1.8688095683049897,3.7162613129722084,0.5028735632183907,1.2594929618969506
ירושלים,2020-05-06,25783,2993,23575,2819,3000,936425,0.07880434782608696,1.8581306564861042,3.2997837520356676,0.5631067961165048,1.4808495470677212
ירושלים,2020-05-07,26055,3003,24061,2869,3000,936425,0.06720160481444333,1.430974183730678,3.2997837520356676,0.4336569579288026,0.6957527064004129
ירושלים,2020-05-08,26273,3010,24513,2929,3000,936425,0.04602272727272727,0.8649918573297382,3.032810956563526,0.2852112676056338,0
ירושלים,2020-05-09,26369,3012,24716,2950,3000,936425,0.03750756200846945,0.6620925327709106,2.755159249272499,0.24031007751937986,0
ירושלים,2020-05-10,26461,3013,24854,2955,3000,936425,0.03609209707529558,0.6193768854953681,2.659049042902528,0.23293172690763053,0
ירושלים,2020-05-11,26735,3019,25073,2959,3000,936425,0.036101083032490974,0.6407347091331393,2.413434071068158,0.26548672566371684,0
ירושלים,2020-05-12,26946,3024,25374,2965,3000,936425,0.037531806615776084,0.6300557973142537,1.8688095683049897,0.33714285714285713,0
ירושלים,2020-05-13,27507,3049,25783,2993,3000,936425,0.03248259860788863,0.5980190618575967,1.8581306564861042,0.32183908045977005,0
ירושלים,2020-05-14,27715,3052,26055,3003,3000,936425,0.029518072289156625,0.5232666791253971,1.430974183730678,0.3656716417910448,0
ירושלים,2020-05-15,27855,3055,26273,3010,3000,936425,0.028445006321112517,0.48055103184985454,0.8649918573297382,0.5555555555555556,0.095160445497585
ירושלים,2020-05-16,27891,3055,26369,3012,3000,936425,0.028252299605781867,0.45919320821208315,0.6620925327709106,0.6935483870967741,0.49337877418259074
ירושלים,2020-05-17,27995,3055,26461,3013,3000,936425,0.027379400260756193,0.44851429639319756,0.6193768854953681,0.7241379310344828,0.5560609185312249
ירושלים,2020-05-18,28283,3061,26735,3019,3000,936425,0.027131782945736434,0.44851429639319756,0.6407347091331393,0.7000000000000001,0.488226863015485
ירושלים,2020-05-19,28589,3063,26946,3024,3000,936425,0.023737066342057214,0.4164775609365406,0.6300557973142537,0.6610169491525424,0.29909284361162175
ירושלים,2020-05-20,28792,3064,27507,3049,3000,936425,0.011673151750972763,0.16018367728328484,0.5980190618575967,0.2678571428571429,0
ירושלים,2020-05-21,28984,3066,27715,3052,3000,936425,0.01103230890464933,0.14950476546439917,0.5232666791253971,0.2857142857142857,0
ירושלים,2020-05-22,29214,3070,27855,3055,3000,936425,0.011037527593818985,0.16018367728328484,0.48055103184985454,0.3333333333333333,0
ירושלים,2020-05-23,29233,3070,27891,3055,3000,936425,0.011177347242921014,0.16018367728328484,0.45919320821208315,0.34883720930232565,0
ירושלים,2020-05-24,29329,3072,27995,3055,3000,936425,0.012743628185907047,0.18154150092105614,0.44851429639319756,0.4047619047619047,0
ירושלים,2020-05-25,29493,3080,28283,3061,3000,936425,0.015702479338842976,0.20289932455882745,0.44851429639319756,0.45238095238095233,0
ירושלים,2020-05-26,29681,3083,28589,3063,3000,936425,0.018315018315018316,0.2135782363777131,0.4164775609365406,0.5128205128205128,0
ירושלים,2020-05-27,29931,3089,28792,3064,3000,936425,0.021949078138718173,0.26697279547214137,0.16018367728328484,1.6666666666666665,1.7037863669088855
ירושלים,2020-05-28,30142,3099,28984,3066,3000,936425,0.02849740932642487,0.35240409002322665,0.14950476546439917,2.357142857142857,2.6754858610760905
ירושלים,2020-05-29,30468,3135,29214,3070,3000,936425,0.051834130781499205,0.6941292682275676,0.16018367728328484,4.333333333333333,4.5740563335715425
ירושלים,2020-05-30,30540,3141,29233,3070,3000,936425,0.05432287681713849,0.7582027391408815,0.16018367728328484,4.733333333333333,4.839245248263032
ירושלים,2020-05-31,31901,3199,29329,3072,3000,936425,0.04937791601866252,1.3562218009984783,0.18154150092105614,7.470588235294118,6.332822470507039
ירושלים,2020-06-01,32464,3215,29493,3080,3000,936425,0.04543924604510266,1.4416530955495634,0.20289932455882745,7.105263157894737,6.2931419424794095
ירושלים,2020-06-02,33773,3244,29681,3083,3000,936425,0.039345063538611925,1.7193048028405906,0.2135782363777131,8.05,6.718182340529098
ירושלים,2020-06-03,35041,3255,29931,3089,3000,936425,0.0324853228962818,1.7726993619350186,0.26697279547214137,6.64,6.3627880404366275
ירושלים,2020-06-04,36404,3276,30142,3099,3000,936425,0.02826572979878633,1.890167391942761,0.35240409002322665,5.363636363636363,5.999482950754739
ירושלים,2020-06-05,37636,3289,30468,3135,3000,936425,0.021484375,1.6445524201083908,0.6941292682275676,2.369230769230769,4.225284474065977
ירושלים,2020-06-06,38502,3293,30540,3141,3000,936425,0.01909068073348405,1.6231945964706196,0.7582027391408815,2.140845070422535,4.009183803289248
ירושלים,2020-06-07,39035,3300,31901,3199,3000,936425,0.014157555368657135,1.0785700937074514,1.3562218009984783,0.7952755905511811,1.6192727317690423
ירושלים,2020-06-08,39835,3325,32464,3215,3000,936425,0.01492334825668159,1.1746803000774222,1.4416530955495634,0.8148148148148149,1.7532726187738394
ירושלים,2020-06-09,40632,3333,33773,3244,3000,936425,0.01297565242746756,0.9504231518808233,1.7193048028405906,0.5527950310559006,0.7652379955222908
ירושלים,2020-06-10,41782,3344,35041,3255,3000,936425,0.013202788903723483,0.9504231518808233,1.7726993619350186,0.536144578313253,0.7040995408376624
ירושלים,2020-06-11,42558,3351,36404,3276,3000,936425,0.012187195320116997,0.8009183864164242,1.890167391942761,0.42372881355932207,0.06220393461765201
ירושלים,2020-06-12,43259,3376,37636,3289,3000,936425,0.015472167881913568,0.9290653282430521,1.6445524201083908,0.5649350649350651,0.7862688318630966
ירושלים,2020-06-13,43535,3380,38502,3293,3000,936425,0.017285912974369162,0.9290653282430521,1.6231945964706196,0.5723684210526316,0.8126397131343588
ירושלים,2020-06-14,43863,3384,39035,3300,3000,936425,0.01739850869925435,0.8970285927863951,1.0785700937074514,0.8316831683168316,1.524899836176193
ירושלים,2020-06-15,44455,3392,39835,3325,3000,936425,0.014502164502164502,0.715487091865339,1.1746803000774222,0.6090909090909091,0.6754455568922005
ירושלים,2020-06-16,45283,3422,40632,3333,3000,936425,0.019135669748441195,0.9504231518808233,0.9504231518808233,1,1.951543988192059
ירושלים,2020-06-17,45854,3433,41782,3344,3000,936425,0.021856581532416503,0.9504231518808233,0.9504231518808233,1,1.951884102165056
ירושלים,2020-06-18,46362,3449,42558,3351,3000,936425,0.02576235541535226,1.0465333582507943,0.8009183864164242,1.3066666666666666,2.583662163107378
ירושלים,2020-06-19,46778,3462,43259,3376,3000,936425,0.024438761011651038,0.9183864164241663,0.9290653282430521,0.9885057471264366,1.8947961563191758
ירושלים,2020-06-20,47078,3480,43535,3380,3000,936425,0.028224668360146768,1.0678911818885655,0.9290653282430521,1.1494252873563218,2.3477380639414887
ירושלים,2020-06-21,47500,3497,43863,3384,3000,936425,0.031069562826505363,1.206717035534079,0.8970285927863951,1.3452380952380951,2.784929213545072
ירושלים,2020-06-22,48053,3520,44455,3392,3000,936425,0.03557531962201223,1.366900712817364,0.715487091865339,1.9104477611940298,3.611668127671035
ירושלים,2020-06-23,48796,3578,45283,3422,3000,936425,0.0444064901793339,1.6659102437461624,0.9504231518808233,1.7528089887640452,3.6383617532981125
ירושלים,2020-06-24,49535,3623,45854,3433,3000,936425,0.05161640858462374,2.0289932455882744,0.9504231518808233,2.134831460674157,4.230767187831621
ירושלים,2020-06-25,51185,3735,46362,3449,3000,936425,0.05929919137466307,3.054168780201297,1.0465333582507943,2.918367346938775,5.26596853378161
ירושלים,2020-06-26,52002,3785,46778,3462,3000,936425,0.06183001531393568,3.4492885175000665,0.9183864164241663,3.755813953488372,5.8925067888165605
ירושלים,2020-06-27,52761,3836,47078,3480,3000,936425,0.06264297026218546,3.801692607523293,1.0678911818885655,3.56,5.882797851604045
ירושלים,2020-06-28,53025,3856,47500,3497,3000,936425,0.06497737556561085,3.83372934297995,1.206717035534079,3.1769911504424777,5.663829359727221
ירושלים,2020-06-29,53744,3922,48053,3520,3000,936425,0.07063784923563521,4.292922551192033,1.366900712817364,3.1406249999999996,5.754641128913647
ירושלים,2020-06-30,54887,4015,48796,3578,3000,936425,0.07174519783286816,4.666684464853032,1.6659102437461624,2.801282051282051,5.609571380258169
ירושלים,2020-07-01,57067,4187,49535,3623,3000,936425,0.07488050982474774,6.02290626585151,2.0289932455882744,2.968421052631579,5.980990333642661
ירושלים,2020-07-02,60162,4423,51185,3735,3000,936425,0.07664030299654673,7.34709133139333,3.054168780201297,2.405594405594406,5.759478589776259
ירושלים,2020-07-03,61262,4544,52002,3785,3000,936425,0.08196544276457883,8.105294070534212,3.4492885175000665,2.34984520123839,5.811462025828512
ירושלים,2020-07-04,62633,4664,52761,3836,3000,936425,0.08387358184764993,8.842138986037323,3.801692607523293,2.3258426966292136,5.878177858924038
ירושלים,2020-07-05,63269,4730,53025,3856,3000,936425,0.08531823506442796,9.333368929706063,3.83372934297995,2.434540389972145,6.023776789114466
ירושלים,2020-07-06,64869,4897,53744,3922,3000,936425,0.08764044943820225,10.411939023413513,4.292922551192033,2.425373134328358,6.125878951676639
ירושלים,2020-07-07,66659,5109,54887,4015,3000,936425,0.09293238192320762,11.682729529860907,4.666684464853032,2.503432494279176,6.305053766236364
ירושלים,2020-07-08,68776,5288,57067,4187,3000,936425,0.09403023315398411,11.757481912593105,6.02290626585151,1.9521276595744679,5.814083346057535
ירושלים,2020-07-09,70543,5481,60162,4423,3000,936425,0.10191696368365283,11.298288704381022,7.34709133139333,1.5377906976744187,5.298084441589867
ירושלים,2020-07-10,72181,5679,61262,4544,3000,936425,0.10394724791647587,12.120564914435219,8.105294070534212,1.4953886693017129,5.3126693006861725
ירושלים,2020-07-11,73465,5825,62633,4664,3000,936425,0.1071824224519941,12.398216621726245,8.842138986037323,1.402173913043478,5.206998098871018
ירושלים,2020-07-12,75001,5975,63269,4730,3000,936425,0.1061200136379134,13.29524521451264,9.333368929706063,1.4244851258581235,5.308292336831456
ירושלים,2020-07-13,76170,6177,64869,4897,3000,936425,0.11326431289266436,13.669007128173638,10.411939023413513,1.3128205128205128,5.173644827598242
ירושלים,2020-07-14,78336,6464,66659,5109,3000,936425,0.11604007878735977,14.469925514590063,11.682729529860907,1.2385740402193783,5.114498903567335
ירושלים,2020-07-15,80941,6752,68776,5288,3000,936425,0.12034525277435265,15.633926902848598,11.757481912593105,1.3297002724795641,5.334393626456568
ירושלים,2020-07-16,82753,7076,70543,5481,3000,936425,0.13063063063063063,17.03286435112262,11.298288704381022,1.507561436672968,5.672460309390539
ירושלים,2020-07-17,84643,7265,72181,5679,3000,936425,0.1272668913497031,16.93675414475265,12.120564914435219,1.3973568281938327,5.514559367913451
ירושלים,2020-07-18,86570,7550,73465,5825,3000,936425,0.1316291491797024,18.421122887577756,12.398216621726245,1.4857881136950906,5.721842328389425
ירושלים,2020-07-19,87133,7660,75001,5975,3000,936425,0.1388888888888889,17.99396641482233,13.29524521451264,1.353413654618474,5.512657681414245
ירושלים,2020-07-20,88928,7925,76170,6177,3000,936425,0.13701207085750117,18.666737859412127,13.669007128173638,1.3656250000000003,5.567094123417669
ירושלים,2020-07-21,92207,8322,78336,6464,3000,936425,0.13394852570110302,19.841418159489546,14.469925514590063,1.3712177121771216,5.635913516947751
ירושלים,2020-07-22,94241,8676,80941,6752,3000,936425,0.14466165413533835,20.546226339536,15.633926902848598,1.314207650273224,5.587227871142724
ירושלים,2020-07-23,95475,8935,82753,7076,3000,936425,0.14612482314101558,19.852097071308435,17.03286435112262,1.1655172413793105,5.312905195360433
ירושלים,2020-07-24,97746,9357,84643,7265,3000,936425,0.15965809356635885,22.34028352510879,16.93675414475265,1.3190416141235812,5.6801595926020125
ירושלים,2020-07-25,98353,9510,86570,7550,3000,936425,0.16634133921751676,20.930667165015883,18.421122887577756,1.136231884057971,5.317442924886322
ירושלים,2020-07-26,99807,9705,87133,7660,3000,936425,0.16135395297459365,21.838374669621167,17.99396641482233,1.2136498516320475,5.491102423720971
ירושלים,2020-07-27,102289,10135,88928,7925,3000,936425,0.16540678092957115,23.6003951197373,18.666737859412127,1.2643020594965675,5.650979778461995
ירושלים,2020-07-28,104605,10482,92207,8322,3000,936425,0.17422164865300854,23.066449528793015,19.841418159489546,1.16254036598493,5.461372029110055
ירושלים,2020-07-29,106394,10813,94241,8676,3000,936425,0.1758413560437752,22.820834556958644,20.546226339536,1.1107068607068609,5.359647332752976
ירושלים,2020-07-30,108117,11138,95475,8935,3000,936425,0.17426040183515268,23.5256427370051,19.852097071308435,1.185045723507262,5.5194362749349
ירושלים,2020-07-31,108905,11322,97746,9357,3000,936425,0.17609104758490904,20.984061724110312,22.34028352510879,0.9392925430210325,4.940517963229936
ירושלים,2020-08-01,110203,11472,98353,9510,3000,936425,0.16556962025316455,20.95202498865366,20.930667165015883,1.0010204081632654,5.06497127819981
ירושלים,2020-08-02,110806,11582,99807,9705,3000,936425,0.17065187744340393,20.044317484048378,21.838374669621167,0.9178484107579462,4.847831117227512
ירושלים,2020-08-03,111779,11836,102289,10135,3000,936425,0.1792413066385669,18.1648290039245,23.6003951197373,0.769683257918552,4.398340011235173
ירושלים,2020-08-04,113373,12113,104605,10482,3000,936425,0.18601733576642335,17.417305176602504,23.066449528793015,0.7550925925925926,4.318886633218787
ירושלים,2020-08-05,114302,12366,106394,10813,3000,936425,0.19638340920586747,16.584350054729423,22.820834556958644,0.7267197005147403,4.194578544699863
ירושלים,2020-08-06,115357,12680,108117,11138,3000,936425,0.21298342541436463,16.46688202472168,23.5256427370051,0.6999546073536087,4.114494556683297
ירושלים,2020-08-07,116978,13041,108905,11322,3000,936425,0.2129319955406912,18.35704941666444,20.984061724110312,0.8748091603053435,4.669131126725775
ירושלים,2020-08-08,117466,13160,110203,11472,3000,936425,0.23241084951122126,18.026003150278985,20.95202498865366,0.8603465851172272,4.620026761147357
ירושלים,2020-08-09,117984,13294,110806,11582,3000,936425,0.2385065477848983,18.28229703393224,20.044317484048378,0.9120937666489077,4.751721575146521
ירושלים,2020-08-10,119398,13610,111779,11836,3000,936425,0.23283895524347026,18.94438956670315,18.1648290039245,1.0429159318048207,5.054653832963649
ירושלים,2020-08-11,121445,13930,113373,12113,3000,936425,0.22509910802775024,19.403582774915236,17.417305176602504,1.1140404659717964,5.209582048191319
ירושלים,2020-08-12,123072,14267,114302,12366,3000,936425,0.21676168757126568,20.30061136770163,16.584350054729423,1.224082421120412,5.442129251855685
ירושלים,2020-08-13,125175,14546,115357,12680,3000,936425,0.19005907516805867,19.926849454040635,16.46688202472168,1.2101167315175099,5.397259080112689
ירושלים,2020-08-14,126058,14776,116978,13041,3000,936425,0.191079295154185,18.527912005766613,18.35704941666444,1.0093077370564283,4.961692638012817
ירושלים,2020-08-15,126504,14882,117466,13160,3000,936425,0.19052887807036956,18.3890861521211,18.026003150278985,1.0201421800947867,4.9754574741513835
ירושלים,2020-08-16,126923,15001,117984,13294,3000,936425,0.19096095760152143,18.228902474837813,18.28229703393224,0.9970794392523364,4.9210288344215005
ירושלים,2020-08-17,128154,15239,119398,13610,3000,936425,0.18604385564184558,17.395947352964733,18.94438956670315,0.9182638105975198,4.708951641763681
ירושלים,2020-08-18,129152,15469,121445,13930,3000,936425,0.19968859478396264,16.434845289265024,19.403582774915236,0.8470005503577325,4.492256998813655
ירושלים,2020-08-19,130474,15697,123072,14267,3000,936425,0.1931910294514996,15.270843901006488,20.30061136770163,0.7522356654392426,4.180683023207802
ירושלים,2020-08-20,132277,15951,125175,14546,3000,936425,0.19783159673331455,15.003871105534346,19.926849454040635,0.7529474812433011,4.165517591821989
ירושלים,2020-08-21,134338,16226,126058,14776,3000,936425,0.1751207729468599,15.4844221373842,18.527912005766613,0.8357348703170029,4.402836877841662
ירושלים,2020-08-22,135050,16330,126504,14882,3000,936425,0.16943599344722676,15.463064313746429,18.3890861521211,0.8408826945412311,4.413027507783901
ירושלים,2020-08-23,135694,16465,126923,15001,3000,936425,0.16691369285144225,15.633926902848598,18.228902474837813,0.8576449912126537,4.4631775093226835
ירושלים,2020-08-24,136988,16693,128154,15239,3000,936425,0.16459135159610597,15.527137784659743,17.395947352964733,0.892572130141191,4.535867335767182
ירושלים,2020-08-25,139172,16940,129152,15469,3000,936425,0.1468063872255489,15.7086792855808,16.434845289265024,0.9558154645873944,4.682183352271111
ירושלים,2020-08-26,140509,17173,130474,15697,3000,936425,0.14708520179372198,15.762073844675227,15.270843901006488,1.032167832167832,4.839314878938926
ירושלים,2020-08-27,141736,17421,132277,15951,3000,936425,0.15540754836663495,15.698000373761914,15.003871105534346,1.0462633451957295,4.863409479069847
ירושלים,2020-08-28,143153,17684,134338,16226,3000,936425,0.1653998865570051,15.569853431935286,15.4844221373842,1.0055172413793103,4.777015712437559
ירושלים,2020-08-29,143788,17803,135050,16330,3000,936425,0.16857404440375373,15.730037109218571,15.463064313746429,1.0172651933701657,4.810879518788401
ירושלים,2020-08-30,144257,17924,135694,16465,3000,936425,0.17038421114095528,15.580532343754172,15.633926902848598,0.996584699453552,4.760477942659827
ראשון לציון,2020-06-10,2008,37,1623,16,8300,254384,0.05454545454545454,0.8255236178375998,0.03931064846845713,21,7.904125651576143
ראשון לציון,2020-06-11,2039,37,1629,16,8300,254384,0.05121951219512195,0.8255236178375998,0.03931064846845713,21,7.903709908782352
ראשון לציון,2020-06-12,2081,38,1887,32,8300,254384,0.030927835051546393,0.23586389081074283,0.6682810239637713,0.35294117647058826,0
ראשון לציון,2020-06-13,2094,38,1920,33,8300,254384,0.028735632183908046,0.1965532423422857,0.7075916724322284,0.2777777777777778,0
ראשון לציון,2020-06-14,2111,38,1942,35,8300,254384,0.01775147928994083,0.11793194540537141,0.7862129693691428,0.15,0
ראשון לציון,2020-06-15,2142,40,1975,37,8300,254384,0.017964071856287425,0.11793194540537141,0.864834266306057,0.13636363636363638,0
ראשון לציון,2020-06-16,2181,40,1993,37,8300,254384,0.015957446808510637,0.11793194540537141,0.864834266306057,0.13636363636363638,0
ראשון לציון,2020-06-17,2527,55,2008,37,8300,254384,0.03468208092485549,0.7075916724322284,0.8255236178375998,0.8571428571428572,1.3501458149449475
ראשון לציון,2020-06-18,2615,56,2039,37,8300,254384,0.03298611111111111,0.7469023209006856,0.8255236178375998,0.904761904761905,1.5121354825290572
ראשון לציון,2020-06-19,2728,56,2081,38,8300,254384,0.027820710973724884,0.7075916724322284,0.23586389081074283,2.9999999999999996,3.8548140806917917
ראשון לציון,2020-06-20,2764,56,2094,38,8300,254384,0.026865671641791045,0.7075916724322284,0.1965532423422857,3.5999999999999996,4.21933781436321
ראשון לציון,2020-06-21,2819,56,2111,38,8300,254384,0.025423728813559324,0.7075916724322284,0.11793194540537141,5.999999999999999,5.2408088190416615
ראשון לציון,2020-06-22,2927,58,2142,40,8300,254384,0.022929936305732482,0.7075916724322284,0.11793194540537141,5.999999999999999,5.240497094978183
ראשון לציון,2020-06-23,3049,58,2181,40,8300,254384,0.020737327188940093,0.7075916724322284,0.11793194540537141,5.999999999999999,5.240223018838584
ראשון לציון,2020-06-24,3210,59,2527,55,8300,254384,0.005856515373352855,0.15724259387382852,0.7075916724322284,0.2222222222222222,0
ראשון לציון,2020-06-25,3347,60,2615,56,8300,254384,0.00546448087431694,0.15724259387382852,0.7469023209006856,0.21052631578947364,0
ראשון לציון,2020-06-26,3638,75,2728,56,8300,254384,0.020879120879120878,0.7469023209006856,0.7075916724322284,1.0555555555555556,1.8189234684045748
ראשון לציון,2020-06-27,3653,75,2764,56,8300,254384,0.021372328458942633,0.7469023209006856,0.7075916724322284,1.0555555555555556,1.8189851193520525
ראשון לציון,2020-06-28,3682,77,2819,56,8300,254384,0.02433371958285052,0.8255236178375998,0.7075916724322284,1.1666666666666665,2.1196056689134877
ראשון לציון,2020-06-29,4067,92,2927,58,8300,254384,0.02982456140350877,1.3365620479275426,0.7075916724322284,1.888888888888889,3.5658062848192857
ראשון לציון,2020-06-30,4433,109,3049,58,8300,254384,0.03684971098265896,2.004843071891314,0.7075916724322284,2.8333333333333335,4.783079752841172
ראשון לציון,2020-07-01,4989,125,3210,59,8300,254384,0.03709949409780776,2.5945027989181706,0.15724259387382852,16.5,8.564753097189412
ראשון לציון,2020-07-02,5131,130,3347,60,8300,254384,0.03923766816143498,2.7517453927919995,0.15724259387382852,17.500000000000004,8.741541869016167
ראשון לציון,2020-07-03,5649,146,3638,75,8300,254384,0.035305818000994534,2.7910560412604566,0.7469023209006856,3.7368421052631575,5.6673150566288815
ראשון לציון,2020-07-04,5715,146,3653,75,8300,254384,0.03443258971871969,2.7910560412604566,0.7469023209006856,3.7368421052631575,5.667205903093597
ראשון לציון,2020-07-05,5805,150,3682,77,8300,254384,0.03438530381535563,2.869677338197371,0.8255236178375998,3.4761904761904763,5.55037176756294
ראשון לציון,2020-07-06,5928,156,4067,92,8300,254384,0.03439011284255777,2.5158815019812564,1.3365620479275426,1.8823529411764703,4.1919671215397045
ראשון לציון,2020-07-07,7822,225,4433,109,8300,254384,0.03422838595455887,4.560035222341027,2.004843071891314,2.2745098039215685,5.165138012702454
ראשון לציון,2020-07-08,8456,248,4989,125,8300,254384,0.03547735794635131,4.835209761620228,2.5945027989181706,1.863636363636364,4.825418408395388
ראשון לציון,2020-07-09,10220,310,5131,130,8300,254384,0.03537040675967774,7.075916724322284,2.7517453927919995,2.571428571428571,5.850041526004564
ראשון לציון,2020-07-10,10463,326,5649,146,8300,254384,0.03739094308267553,7.075916724322284,2.7910560412604566,2.535211267605634,5.821924823061027
ראשון לציון,2020-07-11,11347,360,5715,146,8300,254384,0.03799715909090909,8.412478772249827,2.7910560412604566,3.0140845070422535,6.341058092456979
ראשון לציון,2020-07-12,12096,396,5805,150,8300,254384,0.039103481163567,9.670419523240456,2.869677338197371,3.3698630136986307,6.703703817233444
ראשון לציון,2020-07-13,12591,424,5928,156,8300,254384,0.040222122167191954,10.535253789546513,2.5158815019812564,4.187500000000001,7.223962696671818
ראשון לציון,2020-07-14,13500,457,7822,225,8300,254384,0.040859457555477284,9.120070444682055,4.560035222341027,2,5.601879321568327
ראשון לציון,2020-07-15,14107,484,8456,248,8300,254384,0.04176251990798089,9.277313038555883,4.835209761620228,1.9186991869918697,5.536087175908185
ראשון לציון,2020-07-16,15263,537,10220,310,8300,254384,0.045012889153281777,8.92351720233977,7.075916724322284,1.2611111111111113,4.65830311839564
ראשון לציון,2020-07-17,16352,591,10463,326,8300,254384,0.04499915095941586,10.41732184414114,7.075916724322284,1.472222222222222,5.122640826635864
ראשון לציון,2020-07-18,16828,618,11347,360,8300,254384,0.04707170224411604,10.142147304861941,8.412478772249827,1.205607476635514,4.696550844089356
ראשון לציון,2020-07-19,16977,630,12096,396,8300,254384,0.04794099569760295,9.198691741618969,9.670419523240456,0.9512195121951218,4.125033055258271
ראשון לציון,2020-07-20,18486,695,12591,424,8300,254384,0.045971162001696354,10.653185734951885,10.535253789546513,1.0111940298507462,4.393869053455295
ראשון לציון,2020-07-21,18752,726,13500,457,8300,254384,0.05121858339680122,10.574564438014969,9.120070444682055,1.1594827586206897,4.66080187498519
ראשון לציון,2020-07-22,19189,750,14107,484,8300,254384,0.05234159779614325,10.456632492609598,9.277313038555883,1.1271186440677967,4.593108172606088
ראשון לציון,2020-07-23,21006,832,15263,537,8300,254384,0.051366881420860176,11.596641298194855,8.92351720233977,1.2995594713656387,4.981187050821954
ראשון לציון,2020-07-24,21614,876,16352,591,8300,254384,0.05416191562143672,11.203534813510284,10.41732184414114,1.0754716981132078,4.568518284873879
ראשון לציון,2020-07-25,21762,883,16828,618,8300,254384,0.05370895824888529,10.41732184414114,10.142147304861941,1.0271317829457363,4.403724084484234
ראשון לציון,2020-07-26,21948,899,16977,630,8300,254384,0.05411386039026353,10.574564438014969,9.198691741618969,1.1495726495726495,4.6439962972265905
ראשון לציון,2020-07-27,23010,953,18486,695,8300,254384,0.05702917771883289,10.142147304861941,10.653185734951885,0.9520295202952029,4.225509916807997
ראשון לציון,2020-07-28,23207,961,18752,726,8300,254384,0.052749719416386086,9.238002390087427,10.574564438014969,0.8736059479553904,3.9596676547435394
ראשון לציון,2020-07-29,23818,998,19189,750,8300,254384,0.053575286238928495,9.74904082017737,10.456632492609598,0.9323308270676692,4.143730688299107
ראשון לציון,2020-07-30,24386,1023,21006,832,8300,254384,0.05650887573964497,7.5083338574753125,11.596641298194855,0.647457627118644,3.153673337515398
ראשון לציון,2020-07-31,24555,1035,21614,876,8300,254384,0.05406324379462768,6.250393106484684,11.203534813510284,0.5578947368421052,2.672232308185414
ראשון לציון,2020-08-01,24592,1037,21762,883,8300,254384,0.05441696113074205,6.053839864142399,10.41732184414114,0.5811320754716982,2.7219404319974787
ראשון לציון,2020-08-02,24721,1045,21948,899,8300,254384,0.05265055896141363,5.739354676394742,10.574564438014969,0.5427509293680297,2.5317185823792
ראשון לציון,2020-08-03,24875,1055,23010,953,8300,254384,0.054691689008042894,4.009686143782628,10.142147304861941,0.3953488372093023,1.5395758877232761
ראשון לציון,2020-08-04,25092,1081,23207,961,8300,254384,0.0636604774535809,4.717277816214857,9.238002390087427,0.5106382978723405,2.2150019163272106
ראשון לציון,2020-08-05,26799,1142,23818,998,8300,254384,0.048305937604830596,5.660733379457827,9.74904082017737,0.5806451612903225,2.6523608051863334
ראשון לציון,2020-08-06,27225,1174,24386,1023,8300,254384,0.05318774216273336,5.935907918737027,7.5083338574753125,0.7905759162303665,3.3176812787095473
ראשון לציון,2020-08-07,27745,1205,24555,1035,8300,254384,0.05329153605015674,6.682810239637713,6.250393106484684,1.0691823899371071,4.039988505304285
ראשון לציון,2020-08-08,28301,1231,24592,1037,8300,254384,0.05230520355891076,7.626265802880685,6.053839864142399,1.2597402597402596,4.499947579395282
ראשון לציון,2020-08-09,28487,1245,24721,1045,8300,254384,0.053106744556558685,7.8621296936914264,5.739354676394742,1.36986301369863,4.698117355884699
ראשון לציון,2020-08-10,29060,1275,24875,1055,8300,254384,0.052568697729988054,8.64834266306057,4.009686143782628,2.156862745098039,5.701248256292483
ראשון לציון,2020-08-11,29811,1308,25092,1081,8300,254384,0.04810341173977538,8.92351720233977,4.717277816214857,1.8916666666666666,5.4696196499352805
ראשון לציון,2020-08-12,30047,1328,26799,1142,8300,254384,0.05726600985221675,7.311780615133027,5.660733379457827,1.2916666666666667,4.508511829806821
ראשון לציון,2020-08-13,31099,1380,27225,1174,8300,254384,0.05317501290655653,8.09799358450217,5.935907918737027,1.3642384105960266,4.719455865939907
ראשון לציון,2020-08-14,31243,1391,27745,1205,8300,254384,0.05317324185248713,7.311780615133027,6.682810239637713,1.0941176470588234,4.176029958858333
ראשון לציון,2020-08-15,31315,1396,28301,1231,8300,254384,0.05474452554744526,6.486256997295428,7.626265802880685,0.8505154639175257,3.5527033258562084
ראשון לציון,2020-08-16,31501,1414,28487,1245,8300,254384,0.05607166556071665,6.643499591169256,7.8621296936914264,0.8450000000000001,3.5638105264559288
ראשון לציון,2020-08-17,31703,1433,29060,1275,8300,254384,0.05978055240257284,6.211082458016228,8.64834266306057,0.7181818181818183,3.1717427320141915
ראשון לציון,2020-08-18,31929,1456,29811,1308,8300,254384,0.06987724268177525,5.817975973331656,8.92351720233977,0.6519823788546255,2.9142115982524546
ראשון לציון,2020-08-19,32761,1499,30047,1328,8300,254384,0.0630066322770818,6.72212088810617,7.311780615133027,0.9193548387096775,3.745113307703905
ראשון לציון,2020-08-20,32963,1517,31099,1380,8300,254384,0.07349785407725322,5.385558840178628,8.09799358450217,0.6650485436893204,2.877117828252562
ראשון לציון,2020-08-21,33168,1535,31243,1391,8300,254384,0.0748051948051948,5.660733379457827,7.311780615133027,0.7741935483870968,3.231037357239941
ראשון לציון,2020-08-22,33247,1543,31315,1396,8300,254384,0.07608695652173914,5.778665324863199,6.486256997295428,0.8909090909090909,3.5326578386879572
ראשון לציון,2020-08-23,33740,1567,31501,1414,8300,254384,0.06833407771326486,6.014529215673941,6.643499591169256,0.9053254437869822,3.6037982506330097
ראשון לציון,2020-08-24,33944,1578,31703,1433,8300,254384,0.06470325747434182,5.700044027926285,6.211082458016228,0.9177215189873418,3.576839224979775
ראשון לציון,2020-08-25,34525,1613,31929,1456,8300,254384,0.060477657935285055,6.17177180954777,5.817975973331656,1.0608108108108107,3.9456127323462966
ראשון לציון,2020-08-26,34746,1645,32761,1499,8300,254384,0.07355163727959697,5.739354676394742,6.72212088810617,0.8538011695906432,3.4404268633673314
ראשון לציון,2020-08-27,34994,1670,32963,1517,8300,254384,0.07533234859675036,6.014529215673941,5.385558840178628,1.116788321167883,4.024508612683342
ראשון לציון,2020-08-28,35568,1698,33168,1535,8300,254384,0.06791666666666667,6.407635700358513,5.660733379457827,1.1319444444444444,4.1138537431893125
ראשון לציון,2020-08-29,36068,1721,33247,1543,8300,254384,0.06309819213045019,6.99729542738537,5.778665324863199,1.2108843537414966,4.336112907922781
ראשון לציון,2020-08-30,36230,1740,33740,1567,8300,254384,0.06947791164658634,6.8007421850430845,6.014529215673941,1.130718954248366,4.171423836251982
תל אביב-יפו,2020-03-27,1135,56,667,32,5000,460613,0.05128205128205128,0.521044781627961,0.36907338698647235,1.411764705882353,2.0441719412918333
תל אביב-יפו,2020-03-28,1182,57,716,38,5000,460613,0.0407725321888412,0.4124937854554691,0.4776243831589642,0.8636363636363636,0.8263554792564671
תל אביב-יפו,2020-03-29,1236,58,773,44,5000,460613,0.03023758099352052,0.30394278928297724,0.5861753793314561,0.5185185185185185,0
תל אביב-יפו,2020-03-30,1267,60,875,47,5000,460613,0.03316326530612245,0.2822325900484789,0.6078855785659545,0.4642857142857143,0
תל אביב-יפו,2020-03-31,1302,61,985,51,5000,460613,0.031545741324921134,0.21710199234498376,0.6295957778004528,0.3448275862068966,0
תל אביב-יפו,2020-04-01,1350,63,1015,54,5000,460613,0.026865671641791045,0.19539179311048538,0.6513059770349513,0.3,0
תל אביב-יפו,2020-04-02,1412,66,1097,56,5000,460613,0.031746031746031744,0.21710199234498376,0.5644651800969578,0.3846153846153846,0
תל אביב-יפו,2020-04-03,1436,66,1135,56,5000,460613,0.03322259136212625,0.21710199234498376,0.521044781627961,0.4166666666666667,0
תל אביב-יפו,2020-04-04,1469,68,1182,57,5000,460613,0.03832752613240418,0.2388121915794821,0.4124937854554691,0.5789473684210527,0
תל אביב-יפו,2020-04-05,1500,69,1236,58,5000,460613,0.041666666666666664,0.2388121915794821,0.30394278928297724,0.7857142857142857,0.09080637444809987
תל אביב-יפו,2020-04-06,1576,72,1267,60,5000,460613,0.038834951456310676,0.2605223908139805,0.2822325900484789,0.923076923076923,0.49970248532313843
תל אביב-יפו,2020-04-07,1657,74,1302,61,5000,460613,0.036619718309859155,0.2822325900484789,0.21710199234498376,1.3,1.2642822331354238
תל אביב-יפו,2020-04-08,1719,76,1350,63,5000,460613,0.03523035230352303,0.2822325900484789,0.19539179311048538,1.4444444444444444,1.4748295937002844
תל אביב-יפו,2020-04-09,1784,77,1412,66,5000,460613,0.02956989247311828,0.2388121915794821,0.21710199234498376,1.0999999999999999,0.7622387509163322
תל אביב-יפו,2020-04-10,1816,77,1436,66,5000,460613,0.02894736842105263,0.2388121915794821,0.21710199234498376,1.0999999999999999,0.762160935409824
תל אביב-יפו,2020-04-11,1879,77,1469,68,5000,460613,0.02195121951219512,0.19539179311048538,0.2388121915794821,0.8181818181818182,0
תל אביב-יפו,2020-04-12,1943,80,1500,69,5000,460613,0.024830699774266364,0.2388121915794821,0.2388121915794821,1,0.5710259922203262
תל אביב-יפו,2020-04-13,1975,83,1576,72,5000,460613,0.02756892230576441,0.2388121915794821,0.2605223908139805,0.9166666666666666,0.3973455160575036
תל אביב-יפו,2020-04-14,2021,84,1657,74,5000,460613,0.027472527472527472,0.21710199234498376,0.2822325900484789,0.7692307692307692,0
תל אביב-יפו,2020-04-15,2061,85,1719,76,5000,460613,0.02631578947368421,0.19539179311048538,0.2822325900484789,0.6923076923076923,0
תל אביב-יפו,2020-04-16,2099,85,1784,77,5000,460613,0.025396825396825397,0.173681593875987,0.2388121915794821,0.7272727272727273,0
תל אביב-יפו,2020-04-17,2131,85,1816,77,5000,460613,0.025396825396825397,0.173681593875987,0.2388121915794821,0.7272727272727273,0
תל אביב-יפו,2020-04-18,2161,86,1879,77,5000,460613,0.031914893617021274,0.19539179311048538,0.19539179311048538,1,0.37124082098851946
תל אביב-יפו,2020-04-19,2179,88,1943,80,5000,460613,0.03389830508474576,0.173681593875987,0.2388121915794821,0.7272727272727273,0
תל אביב-יפו,2020-04-20,2225,89,1975,83,5000,460613,0.024,0.13026119540699024,0.2388121915794821,0.5454545454545454,0
תל אביב-יפו,2020-04-21,2282,89,2021,84,5000,460613,0.019157088122605363,0.10855099617249188,0.21710199234498376,0.5,0
תל אביב-יפו,2020-04-22,2458,89,2061,85,5000,460613,0.010075566750629723,0.0868407969379935,0.19539179311048538,0.4444444444444444,0
תל אביב-יפו,2020-04-23,2505,91,2099,85,5000,460613,0.014778325123152709,0.13026119540699024,0.173681593875987,0.75,0
תל אביב-יפו,2020-04-24,2519,91,2131,85,5000,460613,0.015463917525773196,0.13026119540699024,0.173681593875987,0.75,0
תל אביב-יפו,2020-04-25,2530,91,2161,86,5000,460613,0.013550135501355014,0.10855099617249188,0.19539179311048538,0.5555555555555556,0
תל אביב-יפו,2020-04-26,2539,91,2179,88,5000,460613,0.008333333333333333,0.06513059770349512,0.173681593875987,0.375,0
תל אביב-יפו,2020-04-27,2555,91,2225,89,5000,460613,0.006060606060606061,0.04342039846899675,0.13026119540699024,0.33333333333333337,0
תל אביב-יפו,2020-04-28,2573,91,2282,89,5000,460613,0.006872852233676976,0.04342039846899675,0.10855099617249188,0.39999999999999997,0
תל אביב-יפו,2020-04-29,2599,91,2458,89,5000,460613,0.014184397163120567,0.04342039846899675,0.0868407969379935,0.5,0
תל אביב-יפו,2020-05-03,2658,93,2539,91,5000,460613,0.01680672268907563,0.04342039846899675,0.06513059770349512,0.6666666666666667,0
תל אביב-יפו,2020-05-04,2662,94,2555,91,5000,460613,0.028037383177570093,0.06513059770349512,0.04342039846899675,1.5,0.08307405973180705
תל אביב-יפו,2020-05-05,2672,95,2573,91,5000,460613,0.04040404040404041,0.0868407969379935,0.04342039846899675,2,0.9476661092404587
תל אביב-יפו,2020-05-06,2688,96,2599,91,5000,460613,0.056179775280898875,0.10855099617249188,0.04342039846899675,2.5,1.6190687300426954
תל אביב-יפו,2020-05-10,2723,97,2658,93,5000,460613,0.06153846153846154,0.0868407969379935,0.04342039846899675,2,0.9503079118822613
תל אביב-יפו,2020-05-11,2735,97,2662,94,5000,460613,0.0410958904109589,0.06513059770349512,0.06513059770349512,1,0
תל אביב-יפו,2020-05-12,2746,97,2672,95,5000,460613,0.02702702702702703,0.04342039846899675,0.0868407969379935,0.5,0
תל אביב-יפו,2020-05-13,2771,97,2688,96,5000,460613,0.012048192771084338,0.021710199234498375,0.10855099617249188,0.19999999999999998,0
תל אביב-יפו,2020-05-17,2983,112,2723,97,5000,460613,0.057692307692307696,0.32565298851747565,0.0868407969379935,3.7500000000000004,3.52880030147856
תל אביב-יפו,2020-05-18,2998,113,2735,97,5000,460613,0.060836501901140684,0.347363187751974,0.06513059770349512,5.333333333333334,4.298173034070939
תל אביב-יפו,2020-05-19,3013,113,2746,97,5000,460613,0.0599250936329588,0.347363187751974,0.04342039846899675,8,5.108989324253745
תל אביב-יפו,2020-05-20,3099,114,2771,97,5000,460613,0.051829268292682924,0.36907338698647235,0.021710199234498375,17,6.676145572655407
תל אביב-יפו,2020-05-24,3361,116,2983,112,5000,460613,0.010582010582010581,0.0868407969379935,0.32565298851747565,0.26666666666666666,0
תל אביב-יפו,2020-05-25,3369,116,2998,113,5000,460613,0.008086253369272238,0.06513059770349512,0.347363187751974,0.1875,0
תל אביב-יפו,2020-05-26,3382,119,3013,113,5000,460613,0.016260162601626018,0.13026119540699024,0.347363187751974,0.375,0
תל אביב-יפו,2020-05-27,3392,120,3099,114,5000,460613,0.020477815699658702,0.13026119540699024,0.36907338698647235,0.35294117647058826,0
תל אביב-יפו,2020-05-28,3400,121,3280,114,5000,460613,0.058333333333333334,0.15197139464148862,0.36907338698647235,0.411764705882353,0
תל אביב-יפו,2020-05-29,3404,122,3343,116,5000,460613,0.09836065573770492,0.13026119540699024,0.4124937854554691,0.3157894736842105,0
תל אביב-יפו,2020-05-30,3405,122,3346,116,5000,460613,0.1016949152542373,0.13026119540699024,0.4124937854554691,0.3157894736842105,0
תל אביב-יפו,2020-05-31,3410,122,3361,116,5000,460613,0.12244897959183673,0.13026119540699024,0.0868407969379935,1.5,0.7880226898435357
תל אביב-יפו,2020-06-01,3456,129,3369,116,5000,460613,0.14942528735632185,0.2822325900484789,0.06513059770349512,4.333333333333334,3.686328537918104
תל אביב-יפו,2020-06-02,3722,133,3382,119,5000,460613,0.041176470588235294,0.30394278928297724,0.13026119540699024,2.3333333333333335,2.508826991163368
תל אביב-יפו,2020-06-03,3778,137,3392,120,5000,460613,0.04404145077720207,0.36907338698647235,0.13026119540699024,2.8333333333333335,3.0916531570098607
תל אביב-יפו,2020-06-04,3908,144,3400,121,5000,460613,0.045275590551181105,0.4993345823934626,0.15197139464148862,3.2857142857142856,3.6903486804458923
תל אביב-יפו,2020-06-05,3967,154,3404,122,5000,460613,0.056838365896980464,0.694726375503948,0.13026119540699024,5.333333333333334,4.990820447630364
תל אביב-יפו,2020-06-06,4013,154,3405,122,5000,460613,0.05263157894736842,0.694726375503948,0.13026119540699024,5.333333333333334,4.990294599261663
תל אביב-יפו,2020-06-07,4101,157,3410,122,5000,460613,0.05065123010130246,0.7598569732074432,0.13026119540699024,5.833333333333334,5.258883531724966
תל אביב-יפו,2020-06-08,4419,174,3456,129,5000,460613,0.04672897196261682,0.9769589655524269,0.2822325900484789,3.4615384615384612,4.465956757833385
תל אביב-יפו,2020-06-09,4554,184,3722,133,5000,460613,0.06129807692307692,1.107220160959417,0.30394278928297724,3.6428571428571423,4.695051380508017
תל אביב-יפו,2020-06-10,5034,207,3778,137,5000,460613,0.05573248407643312,1.5197139464148863,0.36907338698647235,4.11764705882353,5.256052480495372
תל אביב-יפו,2020-06-11,5633,234,3908,144,5000,460613,0.05217391304347826,1.9539179311048538,0.4993345823934626,3.9130434782608696,5.404989200213103
תל אביב-יפו,2020-06-12,5869,247,3967,154,5000,460613,0.04889589905362776,2.019048528808349,0.694726375503948,2.90625,4.84246554319219
תל אביב-יפו,2020-06-13,6011,252,4013,154,5000,460613,0.04904904904904905,2.1275995249808406,0.694726375503948,3.0624999999999996,4.999588643493565
תל אביב-יפו,2020-06-14,6114,254,4101,157,5000,460613,0.04818678589170392,2.1058893257463422,0.7598569732074432,2.771428571428571,4.789487042717956
תל אביב-יפו,2020-06-15,6303,261,4419,174,5000,460613,0.04617834394904458,1.8887873334013587,0.9769589655524269,1.9333333333333333,3.960198551366915
תל אביב-יפו,2020-06-16,6462,266,4554,184,5000,460613,0.0429769392033543,1.7802363372288668,1.107220160959417,1.6078431372549022,3.5319054756946993
תל אביב-יפו,2020-06-17,7053,301,5034,207,5000,460613,0.04655770183259039,2.040758728042847,1.5197139464148863,1.3428571428571427,3.30874045739054
תל אביב-יפו,2020-06-18,7546,319,5633,234,5000,460613,0.04443282801881861,1.8453669349323618,1.9539179311048538,0.9444444444444444,2.503915414262944
תל אביב-יפו,2020-06-19,7816,326,5869,247,5000,460613,0.040575243965074476,1.7151057395253715,2.019048528808349,0.8494623655913978,2.2182433585403594
תל אביב-יפו,2020-06-20,7965,329,6011,252,5000,460613,0.03940634595701126,1.671685341056375,2.1275995249808406,0.7857142857142858,2.036433983414707
תל אביב-יפו,2020-06-21,8102,329,6114,254,5000,460613,0.03772635814889336,1.628264942587378,2.1058893257463422,0.7731958762886598,1.9777850603209497
תל אביב-יפו,2020-06-22,8394,337,6303,261,5000,460613,0.03634624581539933,1.6499751418218764,1.8887873334013587,0.8735632183908045,2.2349539462269226
תל אביב-יפו,2020-06-23,9248,361,6462,266,5000,460613,0.03409906676238335,2.0624689272773455,1.7802363372288668,1.1585365853658536,3.0224814455685864
תל אביב-יפו,2020-06-24,9848,386,7053,301,5000,460613,0.03041144901610018,1.8453669349323618,2.040758728042847,0.9042553191489362,2.4151925180081264
תל אביב-יפו,2020-06-25,10320,403,7546,319,5000,460613,0.03028118240807498,1.8236567356978635,1.8453669349323618,0.9882352941176471,2.5809599133004895
תל אביב-יפו,2020-06-26,11286,443,7816,326,5000,460613,0.03371757925072046,2.54009331043631,1.7151057395253715,1.4810126582278484,3.7218676788157383
תל אביב-יפו,2020-06-27,11546,470,7965,329,5000,460613,0.039374476403239315,3.0611380920642706,1.671685341056375,1.8311688311688308,4.3336175189277135
תל אביב-יפו,2020-06-28,11620,473,8102,329,5000,460613,0.04093234792495736,3.126268689767766,1.628264942587378,1.9200000000000002,4.449607097096173
תל אביב-יפו,2020-06-29,11791,490,8394,337,5000,460613,0.0450397409478952,3.321660482878251,1.6499751418218764,2.013157894736842,4.605503933173304
תל אביב-יפו,2020-06-30,12803,536,9248,361,5000,460613,0.04922644163150492,3.799284866037216,2.0624689272773455,1.842105263157895,4.562784325723571
תל אביב-יפו,2020-07-01,13050,558,9848,386,5000,460613,0.05371642723297939,3.7341542683337208,1.8453669349323618,2.0235294117647062,4.733922352814021
תל אביב-יפו,2020-07-02,13936,612,10320,403,5000,460613,0.05779867256637168,4.53743164001016,1.8236567356978635,2.488095238095238,5.342620874228774
תל אביב-יפו,2020-07-03,14823,660,11286,443,5000,460613,0.061351427763641504,4.711113233886147,2.54009331043631,1.8547008547008543,4.793040001446493
תל אביב-יפו,2020-07-04,15310,690,11546,470,5000,460613,0.05844845908607864,4.7762438315896425,3.0611380920642706,1.5602836879432627,4.460695797636681
תל אביב-יפו,2020-07-05,17528,812,11620,473,5000,460613,0.05737982396750169,7.3597575404949485,3.126268689767766,2.3541666666666665,5.715573082935459
תל אביב-יפו,2020-07-06,18725,895,11791,490,5000,460613,0.058407845399480816,8.792630689971842,3.321660482878251,2.647058823529412,6.128113221159854
תל אביב-יפו,2020-07-07,19959,976,12803,536,5000,460613,0.06148686416992733,9.552487663179285,3.799284866037216,2.5142857142857142,6.108464972861306
תל אביב-יפו,2020-07-08,21418,1052,13050,558,5000,460613,0.05903441682600383,10.724838421842197,3.7341542683337208,2.8720930232558137,6.490023781990284
תל אביב-יפו,2020-07-09,24009,1166,13936,612,5000,460613,0.05499851087064429,12.0274503759121,4.53743164001016,2.6507177033492826,6.443727252121233
תל אביב-יפו,2020-07-10,25006,1235,14823,660,5000,460613,0.05646666011980752,12.483364559836565,4.711113233886147,2.6497695852534564,6.48040062977628
תל אביב-יפו,2020-07-11,27095,1353,15310,690,5000,460613,0.05625795502757743,14.393862092472423,4.7762438315896425,3.0136363636363637,6.880129004181484
תל אביב-יפו,2020-07-12,28541,1432,17528,812,5000,460613,0.05629710342322709,13.460323525388992,7.3597575404949485,1.8289085545722714,5.814222239234587
תל אביב-יפו,2020-07-13,30447,1541,18725,895,5000,460613,0.05511004947961099,14.02478870548595,8.792630689971842,1.5950617283950617,5.581540015269851
תל אביב-יפו,2020-07-14,31517,1608,19959,976,5000,460613,0.05468074061256273,13.720845916202972,9.552487663179285,1.4363636363636363,5.349980703142701
תל אביב-יפו,2020-07-15,33413,1687,21418,1052,5000,460613,0.052938724468528556,13.785976513906467,10.724838421842197,1.285425101214575,5.1324481848109675
תל אביב-יפו,2020-07-16,35031,1776,24009,1166,5000,460613,0.05534385773906732,13.243221533044007,12.0274503759121,1.1010830324909746,4.782992362175059
תל אביב-יפו,2020-07-17,35917,1845,25006,1235,5000,460613,0.05590688296214829,13.243221533044007,12.483364559836565,1.0608695652173912,4.7086520322278105
תל אביב-יפו,2020-07-18,36197,1875,27095,1353,5000,460613,0.057350032959789056,11.332724000408152,14.393862092472423,0.7873303167420814,3.956648419346337
תל אביב-יפו,2020-07-19,37275,1950,28541,1432,5000,460613,0.05930844973666132,11.245883203470157,13.460323525388992,0.8354838709677419,4.067927208867429
תל אביב-יפו,2020-07-20,38345,2050,30447,1541,5000,460613,0.06444669536591542,11.050491410359673,14.02478870548595,0.7879256965944272,3.9338277609572763
תל אביב-יפו,2020-07-21,39832,2143,31517,1608,5000,460613,0.06434155141310884,11.61495659045663,13.720845916202972,0.8465189873417722,4.127091028271115
תל אביב-יפו,2020-07-22,42428,2273,33413,1687,5000,460613,0.06500277315585136,12.722176751416047,13.785976513906467,0.9228346456692913,4.390861599540308
תל אביב-יפו,2020-07-23,43437,2353,35031,1776,5000,460613,0.06864144658577206,12.526784958305562,13.243221533044007,0.9459016393442624,4.425215947962979
תל אביב-יפו,2020-07-24,44164,2406,35917,1845,5000,460613,0.06802473626773373,12.179421770553589,13.243221533044007,0.9196721311475411,4.340774776217014
תל אביב-יפו,2020-07-25,44938,2460,36197,1875,5000,460613,0.06692598100903786,12.700466552181549,11.332724000408152,1.1206896551724137,4.777892995506594
תל אביב-יפו,2020-07-26,45436,2498,37275,1950,5000,460613,0.06714863374586448,11.89718918050511,11.245883203470157,1.057915057915058,4.597295837493486
תל אביב-יפו,2020-07-27,46847,2592,38345,2050,5000,460613,0.06374970595154081,11.76692798509812,11.050491410359673,1.0648330058939097,4.598897566412009
תל אביב-יפו,2020-07-28,47247,2642,39832,2143,5000,460613,0.06729602157788267,10.83338941801469,11.61495659045663,0.9327102803738319,4.2517236781099506
תל אביב-יפו,2020-07-29,47653,2693,42428,2273,5000,460613,0.08038277511961722,9.118283678489316,12.722176751416047,0.7167235494880545,3.554199283518341
תל אביב-יפו,2020-07-30,48526,2755,43437,2353,5000,460613,0.07899390842994694,8.727500092268347,12.526784958305562,0.6967071057192374,3.4535728533447796
תל אביב-יפו,2020-07-31,48842,2790,44164,2406,5000,460613,0.08208636169303121,8.336716506047376,12.179421770553589,0.6844919786096256,3.372773523879589
תל אביב-יפו,2020-08-01,48951,2798,44938,2460,5000,460613,0.08422626463992026,7.338047341260451,12.700466552181549,0.5777777777777778,2.906469157015506
תל אביב-יפו,2020-08-02,49145,2813,45436,2498,5000,460613,0.08492855217039633,6.838712758866989,11.89718918050511,0.5748175182481752,2.8258102935523404
תל אביב-יפו,2020-08-03,49956,2872,46847,2592,5000,460613,0.09006111289803795,6.078855785659545,11.76692798509812,0.5166051660516605,2.4951213276908835
תל אביב-יפו,2020-08-04,50284,2918,47247,2642,5000,460613,0.09087915706289101,5.992014988721551,10.83338941801469,0.5531062124248496,2.6173771822314458
תל אביב-יפו,2020-08-05,50642,2967,47653,2693,5000,460613,0.09166945466711275,5.948594590252555,9.118283678489316,0.6523809523809525,2.9403604603929443
תל אביב-יפו,2020-08-06,50932,3016,48526,2755,5000,460613,0.1084788029925187,5.666362000204076,8.727500092268347,0.6492537313432836,2.8842437770542753
תל אביב-יפו,2020-08-07,51209,3053,48842,2790,5000,460613,0.1111111111111111,5.709782398673073,8.336716506047376,0.6848958333333334,2.9990927621969012
תל אביב-יפו,2020-08-08,51362,3083,48951,2798,5000,460613,0.11820821236001659,6.1874067818320375,7.338047341260451,0.8431952662721893,3.4961786583350882
תל אביב-יפו,2020-08-09,51575,3100,49145,2813,5000,460613,0.11810699588477366,6.230827180301033,6.838712758866989,0.911111111111111,3.658091626063366
תל אביב-יפו,2020-08-10,51907,3132,49956,2872,5000,460613,0.13326499231163505,5.644651800969577,6.078855785659545,0.9285714285714285,3.59915069269721
תל אביב-יפו,2020-08-11,52515,3170,50284,2918,5000,460613,0.11295383236216944,5.47097020709359,5.992014988721551,0.9130434782608695,3.531631642095413
תל אביב-יפו,2020-08-12,52813,3199,50642,2967,5000,460613,0.10686319668355597,5.036766222403623,5.948594590252555,0.8467153284671531,3.2973406837584056
תל אביב-יפו,2020-08-13,53141,3235,50932,3016,5000,460613,0.09913988229968311,4.754533632355144,5.666362000204076,0.8390804597701148,3.220593742041748
תל אביב-יפו,2020-08-14,53631,3276,51209,3053,5000,460613,0.09207266721717589,4.841374429293138,5.709782398673073,0.8479087452471483,3.2587432153771467
תל אביב-יפו,2020-08-15,54134,3318,51362,3083,5000,460613,0.08477633477633478,5.101896820107117,6.1874067818320375,0.8245614035087717,3.2544021056923897
תל אביב-יפו,2020-08-16,54356,3337,51575,3100,5000,460613,0.08522114347357065,5.145317218576115,6.230827180301033,0.8257839721254356,3.2658955167705206
תל אביב-יפו,2020-08-17,55043,3384,51907,3132,5000,460613,0.08035714285714286,5.47097020709359,5.644651800969577,0.9692307692307691,3.6469955253105293
תל אביב-יפו,2020-08-18,55434,3440,52515,3170,5000,460613,0.09249743062692703,5.861753793314561,5.47097020709359,1.0714285714285716,3.917996762750816
תל אביב-יפו,2020-08-19,55808,3470,52813,3199,5000,460613,0.09048414023372287,5.88346399254906,5.036766222403623,1.168103448275862,4.09421911878587
תל אביב-יפו,2020-08-20,56435,3514,53141,3235,5000,460613,0.08469945355191257,6.0571455864250465,4.754533632355144,1.273972602739726,4.296106199475257
תל אביב-יפו,2020-08-21,56778,3542,53631,3276,5000,460613,0.08452494439148395,5.7749129963765675,4.841374429293138,1.1928251121076232,4.1167378834239665
תל אביב-יפו,2020-08-22,57333,3570,54134,3318,5000,460613,0.0787746170678337,5.47097020709359,5.101896820107117,1.0723404255319149,3.848989943329603
תל אביב-יפו,2020-08-23,58036,3598,54356,3337,5000,460613,0.07092391304347827,5.666362000204076,5.145317218576115,1.1012658227848102,3.9363333107784255
תל אביב-יפו,2020-08-24,58483,3648,55043,3384,5000,460613,0.07674418604651163,5.731492597907571,5.47097020709359,1.0476190476190477,3.8486090396220884
תל אביב-יפו,2020-08-25,58906,3684,55434,3440,5000,460613,0.07027649769585254,5.297288613217604,5.861753793314561,0.9037037037037038,3.4734722020450106
תל אביב-יפו,2020-08-26,60172,3766,55808,3470,5000,460613,0.06782768102658111,6.426218973411519,5.88346399254906,1.092250922509225,4.045346063291274
תל אביב-יפו,2020-08-27,61188,3852,56435,3514,5000,460613,0.07111298127498422,7.338047341260451,6.0571455864250465,1.2114695340501793,4.3856301274158715
תל אביב-יפו,2020-08-28,61652,3897,56778,3542,5000,460613,0.07283545342634387,7.707120728246924,5.7749129963765675,1.3345864661654137,4.628492064491314
תל אביב-יפו,2020-08-29,61810,3912,57333,3570,5000,460613,0.07639044002680366,7.424888138198444,5.47097020709359,1.3571428571428572,4.625149723118493
תל אביב-יפו,2020-08-30,62073,3941,58036,3598,5000,460613,0.0849640822392866,7.446598337432943,5.666362000204076,1.314176245210728,4.564797919082516
